,url,title,authors,date,extract,country,theme,to_watch
0,https://theconversation.com/attacks-on-people-with-albinism-in-tanzania-african-court-holds-government-responsible-why-it-matters-251275,Attacks on people with albinism in Tanzania: African court holds government responsible – why it matters,Charlotte Baker,12/03/2025,"Most recently, on 25 June 2024, a two-year-old girl with albinism was abducted and killed in Kagera region, about 1,500km from the capital Dar es Salaam.",['Tanzania'],['right to life'],False
1,https://digitalcommons.wcl.american.edu/cgi/viewcontent.cgi?article=2086&context=hrbrief,The Witchcraft Act and the Cost of Inaction: AfCHPR on the Persecution of Persons with Albinism,Aly Orvis,2025,"On February 5, 2025, the African Court on Human and Peoples’ Rights (“AfCHPR”) issued a landmark ruling in Centre for Human Rights and Others v. United Republic of Tanzania, holding that Tanzania had violated the rights of persons with albinism (“PWA”) by failing to protect them from systematic discrimination, violence, and ritual killings.",['Tanzania'],[],False
2,https://digitalcommons.wcl.american.edu/cgi/viewcontent.cgi?article=2086&context=hrbrief,The Witchcraft Act and the Cost of Inaction: AfCHPR on the Persecution of Persons with Albinism,Aly Orvis,2025,"This belief has fueled long-term and widespread violence, with documented cases of PWA being kidnapped, mutilated, or killed for ritual purposes.",[],['right to life'],False
3,https://digitalcommons.wcl.american.edu/cgi/viewcontent.cgi?article=2086&context=hrbrief,The Witchcraft Act and the Cost of Inaction: AfCHPR on the Persecution of Persons with Albinism,Aly Orvis,2025,"In some instances, even the graves of deceased PWA have been desecrated for their remains.",[],[],False
4,https://digitalcommons.wcl.american.edu/cgi/viewcontent.cgi?article=2086&context=hrbrief,The Witchcraft Act and the Cost of Inaction: AfCHPR on the Persecution of Persons with Albinism,Aly Orvis,2025,"The Applicants presented testimony from victims who had been ostracized by their families, denied access to education, and forced into hiding due to their fear of attack.",[],[],False
5,https://digitalcommons.wcl.american.edu/cgi/viewcontent.cgi?article=2086&context=hrbrief,The Witchcraft Act and the Cost of Inaction: AfCHPR on the Persecution of Persons with Albinism,Aly Orvis,2025,The AfCHPR took note of Tanzania’s failure to ensure accessibility in education and healthcare for PWA.,['Tanzania'],['right to health'],False
6,https://doi.org/10.29053/2413-7138/2018/v6a12,A STEP TO ZERO ATTACKS: REFLECTIONS ON THE RIGHTS OF PERSONS WITH ALBINISM THROUGH THE LENS OF X V UNITED REPUBLIC OF TANZANIA,Benyam Dawit Mezmur,2021,"The communication of X v United Republic of Tanzania 13 concerned a complaint by a person with albinism, Mr X, who was attacked with clubs by two strangers while collecting firewood.",['Tanzania'],['right to life'],False
7,https://doi.org/10.29053/2413-7138/2018/v6a12,A STEP TO ZERO ATTACKS: REFLECTIONS ON THE RIGHTS OF PERSONS WITH ALBINISM THROUGH THE LENS OF X V UNITED REPUBLIC OF TANZANIA,Benyam Dawit Mezmur,2021,"Once he had been rendered unconscious, the two strangers hacked off half of his left arm.",['Tanzania'],['right to life'],False
8,https://www.amnesty.org/en/wp-content/uploads/2025/06/AFR0194872025ENGLISH.pdf,SOUTHERN AFRICA JOURNAL ON ALBINISM AND SOCIO-ECONOMIC RIGHTS,Amnesty International,2025,The author of the communication was attacked by two strangers who cut off his left arm.,[],[],False
9,https://www.amnesty.org/en/wp-content/uploads/2025/06/AFR0194872025ENGLISH.pdf,SOUTHERN AFRICA JOURNAL ON ALBINISM AND SOCIO-ECONOMIC RIGHTS,Amnesty International,2025,"A week before the first anniversary of my father’s death, unknown individuals vandalised his grave, removed the coffin, and took parts of his body.",[],[],False
10,https://www.amnesty.org/en/wp-content/uploads/2025/06/AFR0194872025ENGLISH.pdf,SOUTHERN AFRICA JOURNAL ON ALBINISM AND SOCIO-ECONOMIC RIGHTS,Amnesty International,2025,She told me that five boys were bullying Sbu at break-time and telling him that he was white and must go and attend school with the whites.,[],[],False
11,https://www.amnesty.org/en/wp-content/uploads/2025/06/AFR0194872025ENGLISH.pdf,SOUTHERN AFRICA JOURNAL ON ALBINISM AND SOCIO-ECONOMIC RIGHTS,Amnesty International,2025,"Thokozani Msibi, Knowledge Mhlanga and Brilliant Mkhize appearing at the Middleburg magistrates’ court in South Africa for the murder of a teenager with albinism, Gabisile Shabane, 13",['South Africa'],['right to life'],True
12,https://www.amnesty.org/en/wp-content/uploads/2025/06/AFR0194872025ENGLISH.pdf,SOUTHERN AFRICA JOURNAL ON ALBINISM AND SOCIO-ECONOMIC RIGHTS,Amnesty International,2025,"The Zimbabwe Mail reported a story about Agnes, a 35-year-old woman with albinism, who was denied access to a supermarket after refusing to use the sanitiser provided, stating that her skin 'seriously reacts to sanitisers'.",['Zimbabwe'],"['right to health', 'adequate standard of living']",False
13,https://www.amnesty.org/en/wp-content/uploads/2025/06/AFR0194872025ENGLISH.pdf,SOUTHERN AFRICA JOURNAL ON ALBINISM AND SOCIO-ECONOMIC RIGHTS,Amnesty International,2025,"Similarly, a Community Radio Station reported that a nine-year-old boy of Mthwalo Village had his hand chopped off by the friends of the boy’s uncle.",['Zambia'],[],True
14,https://www.amnesty.org/en/wp-content/uploads/2025/06/AFR0194872025ENGLISH.pdf,SOUTHERN AFRICA JOURNAL ON ALBINISM AND SOCIO-ECONOMIC RIGHTS,Amnesty International,2025,"A Zambian tabloid, reported an incident where an uncle of a grade six boy with albinism in Lusaka asked permission from the child’s mother to take him shopping so he could buy school shoes for him. It was later discovered that the uncle was using this as a pretence to abduct the boy and sell him.",['Zambia'],"['right to life', 'access to justice']",False
15,https://www.amnesty.org/en/wp-content/uploads/2025/06/AFR0194872025ENGLISH.pdf,SOUTHERN AFRICA JOURNAL ON ALBINISM AND SOCIO-ECONOMIC RIGHTS,Amnesty International,2025,"Mr Lule was a main suspect in the murder of Goodson Faninzo, a boy with albinism.",[],['right to life'],False
16,https://www.amnesty.org/en/wp-content/uploads/2025/06/AFR0194872025ENGLISH.pdf,SOUTHERN AFRICA JOURNAL ON ALBINISM AND SOCIO-ECONOMIC RIGHTS,Amnesty International,2025,I remember the day when the lunch provision for some kids was stolen (apparently eaten) but my bread had been mixed with sand.,[],[],False
17,https://africaalbinismnetwork.org/wp-content/uploads/2025/04/access-justice-person-with-albinism.pdf,ACCESS TO JUSTICE FOR PERSONS WITH ALBINISM: CHALLENGES AND SOLUTIONS IN ZAMBIA,"Albinism for Change in Africa Initiative Organization (AFCIA), Albinism Foundation of Zambia (AFZ), Albinism Multi-Purpose Organization of Zambia (AMOZ), Butterfly Foundation of Zambia (BFZ), Light of the World Foundation (LTWF)",March 2025,"SM was attacked by four individuals known to her one Friday night in 2014. ... he struck her left arm with a machete but was unable to sever it. However, he damaged a nerve leaving her little finger permanently immobile. (Zambia)",['Zambia'],['right to health'],False
18,https://africaalbinismnetwork.org/wp-content/uploads/2025/04/access-justice-person-with-albinism.pdf,ACCESS TO JUSTICE FOR PERSONS WITH ALBINISM: CHALLENGES AND SOLUTIONS IN ZAMBIA,"Albinism for Change in Africa Initiative Organization (AFCIA), Albinism Foundation of Zambia (AFZ), Albinism Multi-Purpose Organization of Zambia (AMOZ), Butterfly Foundation of Zambia (BFZ), Light of the World Foundation (LTWF)",March 2025,"According to albinism groups, in March 2014, the body of a 12-year-old girl, XX, was found with missing body parts in Kanyama, Lusaka. (Zambia)","['Democratic Republic of the Congo', 'Zambia']",['right to life'],True
19,https://africaalbinismnetwork.org/wp-content/uploads/2025/04/access-justice-person-with-albinism.pdf,ACCESS TO JUSTICE FOR PERSONS WITH ALBINISM: CHALLENGES AND SOLUTIONS IN ZAMBIA,"Albinism for Change in Africa Initiative Organization (AFCIA), Albinism Foundation of Zambia (AFZ), Albinism Multi-Purpose Organization of Zambia (AMOZ), Butterfly Foundation of Zambia (BFZ), Light of the World Foundation (LTWF)",March 2025,Media reported the abandonment of an infant with albinism for two weeks by both parents in Kalundu in Lusaka. (Zambia),"['Democratic Republic of the Congo', 'Zambia']","['right to life', 'right to health']",False
20,https://africaalbinismnetwork.org/wp-content/uploads/2025/04/access-justice-person-with-albinism.pdf,ACCESS TO JUSTICE FOR PERSONS WITH ALBINISM: CHALLENGES AND SOLUTIONS IN ZAMBIA,"Albinism for Change in Africa Initiative Organization (AFCIA), Albinism Foundation of Zambia (AFZ), Albinism Multi-Purpose Organization of Zambia (AMOZ), Butterfly Foundation of Zambia (BFZ), Light of the World Foundation (LTWF)",March 2025,"CZ was attacked at her house in Kalumbu Village in Chief Magodi’s area in Lundazi district in the Eastern Province, reportedly by four men at around 10pm. ... Her right hand was severed and several of her teeth knocked out. Soon after recounting the ordeal to her brother-in-law, she succumbed to her injuries. (Zambia)","['Malawi', 'Zambia']",['right to life'],False
21,https://africaalbinismnetwork.org/wp-content/uploads/2025/04/access-justice-person-with-albinism.pdf,ACCESS TO JUSTICE FOR PERSONS WITH ALBINISM: CHALLENGES AND SOLUTIONS IN ZAMBIA,"Albinism for Change in Africa Initiative Organization (AFCIA), Albinism Foundation of Zambia (AFZ), Albinism Multi-Purpose Organization of Zambia (AMOZ), Butterfly Foundation of Zambia (BFZ), Light of the World Foundation (LTWF)",March 2025,"According to information received by the former UN Independent Expert, and shared with the government of Zambia, individuals severed the fingers of BC in Mandevu, Lusaka. Four people reportedly forced him into a car after he left a bar. They took him to an isolated neighbourhood behind the National Heroes Stadium where they cut off his finger then released him. (Zambia)",['Zambia'],['right to health'],False
22,https://africaalbinismnetwork.org/wp-content/uploads/2025/04/access-justice-person-with-albinism.pdf,ACCESS TO JUSTICE FOR PERSONS WITH ALBINISM: CHALLENGES AND SOLUTIONS IN ZAMBIA,"Albinism for Change in Africa Initiative Organization (AFCIA), Albinism Foundation of Zambia (AFZ), Albinism Multi-Purpose Organization of Zambia (AMOZ), Butterfly Foundation of Zambia (BFZ), Light of the World Foundation (LTWF)",March 2025,"According to information received by the former UN Independent Expert and raised by her with the authorities, the body of J was discovered without his right forearm in Zani Muone, West Area in Lusaka. (Zambia)",['Zambia'],['right to life'],True
23,https://africaalbinismnetwork.org/wp-content/uploads/2025/04/access-justice-person-with-albinism.pdf,ACCESS TO JUSTICE FOR PERSONS WITH ALBINISM: CHALLENGES AND SOLUTIONS IN ZAMBIA,"Albinism for Change in Africa Initiative Organization (AFCIA), Albinism Foundation of Zambia (AFZ), Albinism Multi-Purpose Organization of Zambia (AMOZ), Butterfly Foundation of Zambia (BFZ), Light of the World Foundation (LTWF)",March 2025,"According to information received by the former UN Independent Expert and followed up by her with the authorities, an unidentified man reportedly lured a 15-year-old boy into a taxi under the pretext of providing him with help for purchases, close to Mandevu Township in Lusaka... 'albino business' (Zambia)",['Zambia'],['right to life'],True
24,https://africaalbinismnetwork.org/wp-content/uploads/2025/04/access-justice-person-with-albinism.pdf,ACCESS TO JUSTICE FOR PERSONS WITH ALBINISM: CHALLENGES AND SOLUTIONS IN ZAMBIA,"Albinism for Change in Africa Initiative Organization (AFCIA), Albinism Foundation of Zambia (AFZ), Albinism Multi-Purpose Organization of Zambia (AMOZ), Butterfly Foundation of Zambia (BFZ), Light of the World Foundation (LTWF)",March 2025,"According to albinism groups in Zambia, 41-year-old EM from Jafureya village, Eastern Province was murdered. ... about a month later his body, parts of which were missing, was found in Makule village in Lundazi, Eastern Province by children digging in a dump site. (Zambia)",['Zambia'],['right to life'],True
25,https://africaalbinismnetwork.org/wp-content/uploads/2025/04/access-justice-person-with-albinism.pdf,ACCESS TO JUSTICE FOR PERSONS WITH ALBINISM: CHALLENGES AND SOLUTIONS IN ZAMBIA,"Albinism for Change in Africa Initiative Organization (AFCIA), Albinism Foundation of Zambia (AFZ), Albinism Multi-Purpose Organization of Zambia (AMOZ), Butterfly Foundation of Zambia (BFZ), Light of the World Foundation (LTWF)",March 2025,"According to information received by the UN Independent Expert, and raised by her with the authorities, MK, a 19-year-old student, was attacked at her home in Chikwa village in Chama district, Muchinga Province. ... her right hand was chopped off and she was left unconscious and bleeding heavily. (Zambia)",['Zambia'],[],True
26,https://africaalbinismnetwork.org/wp-content/uploads/2025/04/access-justice-person-with-albinism.pdf,ACCESS TO JUSTICE FOR PERSONS WITH ALBINISM: CHALLENGES AND SOLUTIONS IN ZAMBIA,"Albinism for Change in Africa Initiative Organization (AFCIA), Albinism Foundation of Zambia (AFZ), Albinism Multi-Purpose Organization of Zambia (AMOZ), Butterfly Foundation of Zambia (BFZ), Light of the World Foundation (LTWF)",March 2025,"According to the official court record shared by albinism groups, on 23 January Kasoma Isaac and Casius Chiyunda kidnapped MC, a 13 year-old boy with albinism, and his friend who happened to be with him at the time. (Zambia)",['Zambia'],['right to life'],True
27,https://africaalbinismnetwork.org/wp-content/uploads/2025/04/access-justice-person-with-albinism.pdf,ACCESS TO JUSTICE FOR PERSONS WITH ALBINISM: CHALLENGES AND SOLUTIONS IN ZAMBIA,"Albinism for Change in Africa Initiative Organization (AFCIA), Albinism Foundation of Zambia (AFZ), Albinism Multi-Purpose Organization of Zambia (AMOZ), Butterfly Foundation of Zambia (BFZ), Light of the World Foundation (LTWF)",March 2025,"In July 2019, assailants reportedly cut off the fingers and removed a tooth of SN, a 72-year-old woman. (Zambia)",['Zambia'],['right to health'],False
28,https://africaalbinismnetwork.org/wp-content/uploads/2025/04/access-justice-person-with-albinism.pdf,ACCESS TO JUSTICE FOR PERSONS WITH ALBINISM: CHALLENGES AND SOLUTIONS IN ZAMBIA,"Albinism for Change in Africa Initiative Organization (AFCIA), Albinism Foundation of Zambia (AFZ), Albinism Multi-Purpose Organization of Zambia (AMOZ), Butterfly Foundation of Zambia (BFZ), Light of the World Foundation (LTWF)",March 2025,"a 39-year-old man in Nyimba, Eastern Province was attacked and murdered. His attackers reportedly used a knife to cut his throat while he was sleeping and stabbed him twice on the left side of his chest. (Zambia)",['Zambia'],['right to life'],True
29,https://africaalbinismnetwork.org/wp-content/uploads/2025/04/access-justice-person-with-albinism.pdf,ACCESS TO JUSTICE FOR PERSONS WITH ALBINISM: CHALLENGES AND SOLUTIONS IN ZAMBIA,"Albinism for Change in Africa Initiative Organization (AFCIA), Albinism Foundation of Zambia (AFZ), Albinism Multi-Purpose Organization of Zambia (AMOZ), Butterfly Foundation of Zambia (BFZ), Light of the World Foundation (LTWF)",March 2025,"three assailants attacked DM, a seven-year-old girl, at her home near the village of Mutupa in the Kitwe district of the Copperbelt Province. They reportedly broke into her bedroom, dragged her to a nearby bush, chopped off her left arm above the elbow and pulled out her hair as her mother, who ran to her rescue, watched helplessly. (Zambia)",['Zambia'],"['right to life', 'access to justice']",False
30,https://africaalbinismnetwork.org/wp-content/uploads/2025/04/access-justice-person-with-albinism.pdf,ACCESS TO JUSTICE FOR PERSONS WITH ALBINISM: CHALLENGES AND SOLUTIONS IN ZAMBIA,"Albinism for Change in Africa Initiative Organization (AFCIA), Albinism Foundation of Zambia (AFZ), Albinism Multi-Purpose Organization of Zambia (AMOZ), Butterfly Foundation of Zambia (BFZ), Light of the World Foundation (LTWF)",March 2025,"The body of EP was discovered with his eyes and arms missing in Chipata, Eastern Province. He had allegedly left home for a commissioned carpentry job offer. (Zambia)",['Zambia'],['right to life'],True
31,https://africaalbinismnetwork.org/wp-content/uploads/2025/04/access-justice-person-with-albinism.pdf,ACCESS TO JUSTICE FOR PERSONS WITH ALBINISM: CHALLENGES AND SOLUTIONS IN ZAMBIA,"Albinism for Change in Africa Initiative Organization (AFCIA), Albinism Foundation of Zambia (AFZ), Albinism Multi-Purpose Organization of Zambia (AMOZ), Butterfly Foundation of Zambia (BFZ), Light of the World Foundation (LTWF)",March 2025,"Between 19 and 27 April 2020, unidentified individuals desecrated the grave of a person with albinism in the Kaoma district in Western Province. (Zambia)",['Zambia'],[],True
32,https://africaalbinismnetwork.org/wp-content/uploads/2025/04/access-justice-person-with-albinism.pdf,ACCESS TO JUSTICE FOR PERSONS WITH ALBINISM: CHALLENGES AND SOLUTIONS IN ZAMBIA,"Albinism for Change in Africa Initiative Organization (AFCIA), Albinism Foundation of Zambia (AFZ), Albinism Multi-Purpose Organization of Zambia (AMOZ), Butterfly Foundation of Zambia (BFZ), Light of the World Foundation (LTWF)",March 2025,"Attackers of JC, a two-year old girl, entered her house and cut off her left arm. (Zambia)",['Zambia'],['right to life'],False
33,https://africaalbinismnetwork.org/wp-content/uploads/2025/04/access-justice-person-with-albinism.pdf,ACCESS TO JUSTICE FOR PERSONS WITH ALBINISM: CHALLENGES AND SOLUTIONS IN ZAMBIA,"Albinism for Change in Africa Initiative Organization (AFCIA), Albinism Foundation of Zambia (AFZ), Albinism Multi-Purpose Organization of Zambia (AMOZ), Butterfly Foundation of Zambia (BFZ), Light of the World Foundation (LTWF)",March 2025,"The finger of M, a nine-year old boy, was severed in Chibanda Village in Chasefu district in the Eastern Province. ... A group of unidentified men suddenly approached him and chopped off the little finger of his left hand leaving him unconscious. (Zambia)","['Malawi', 'Zambia']",['right to health'],False
34,https://africaalbinismnetwork.org/wp-content/uploads/2025/04/access-justice-person-with-albinism.pdf,ACCESS TO JUSTICE FOR PERSONS WITH ALBINISM: CHALLENGES AND SOLUTIONS IN ZAMBIA,"Albinism for Change in Africa Initiative Organization (AFCIA), Albinism Foundation of Zambia (AFZ), Albinism Multi-Purpose Organization of Zambia (AMOZ), Butterfly Foundation of Zambia (BFZ), Light of the World Foundation (LTWF)",March 2025,"The attack against G, a 12-year-old boy, of Chizunguko village, Chief Chinakila area in Mpulungu district, Northern Province, resulted in the amputation of his arm. (Zambia)",['Zambia'],['right to health'],True
35,https://africaalbinismnetwork.org/wp-content/uploads/2025/04/access-justice-person-with-albinism.pdf,ACCESS TO JUSTICE FOR PERSONS WITH ALBINISM: CHALLENGES AND SOLUTIONS IN ZAMBIA,"Albinism for Change in Africa Initiative Organization (AFCIA), Albinism Foundation of Zambia (AFZ), Albinism Multi-Purpose Organization of Zambia (AMOZ), Butterfly Foundation of Zambia (BFZ), Light of the World Foundation (LTWF)",March 2025,"three men, one of them identified only as Kendrick, were wanted for chopping off the forefinger of the left hand of a 10-year-old boy. ... at Chilomo area in Mukushi district, Central Province (Zambia)",['Zambia'],[],True
36,https://africaalbinismnetwork.org/wp-content/uploads/2025/04/access-justice-person-with-albinism.pdf,ACCESS TO JUSTICE FOR PERSONS WITH ALBINISM: CHALLENGES AND SOLUTIONS IN ZAMBIA,"Albinism for Change in Africa Initiative Organization (AFCIA), Albinism Foundation of Zambia (AFZ), Albinism Multi-Purpose Organization of Zambia (AMOZ), Butterfly Foundation of Zambia (BFZ), Light of the World Foundation (LTWF)",March 2025,"An attempted abduction was made against FM, a 17-year-old boy from Sefula school for the visually impaired in Mongu, Western Province. (Zambia)",['Zambia'],['right to life'],True
37,https://africaalbinismnetwork.org/wp-content/uploads/2025/04/access-justice-person-with-albinism.pdf,ACCESS TO JUSTICE FOR PERSONS WITH ALBINISM: CHALLENGES AND SOLUTIONS IN ZAMBIA,"Albinism for Change in Africa Initiative Organization (AFCIA), Albinism Foundation of Zambia (AFZ), Albinism Multi-Purpose Organization of Zambia (AMOZ), Butterfly Foundation of Zambia (BFZ), Light of the World Foundation (LTWF)",March 2025,"According to the African Albinism Network, between 4pm and 6pm on 3 June 2023, four men attempted to traffic a 16-year-old boy. The incident reportedly took place in Mawire compound in Kalomo district of Southern Province. (Zambia)",['Zambia'],"['right to life', 'right to health']",True
38,https://africaalbinismnetwork.org/wp-content/uploads/2025/04/access-justice-person-with-albinism.pdf,ACCESS TO JUSTICE FOR PERSONS WITH ALBINISM: CHALLENGES AND SOLUTIONS IN ZAMBIA,"Albinism for Change in Africa Initiative Organization (AFCIA), Albinism Foundation of Zambia (AFZ), Albinism Multi-Purpose Organization of Zambia (AMOZ), Butterfly Foundation of Zambia (BFZ), Light of the World Foundation (LTWF)",March 2025,"three suspects – Kebby Shanyanga, Justine Mutaka Songa, and Alfred Sialubaba – allegedly attempted to traffic a 41-year-old man of Mwandi district. The incident reportedly took place at a guest house in Kalomo district of Southern Province. (Zambia)",['Zambia'],['right to life'],True
39,https://africaalbinismnetwork.org/wp-content/uploads/2025/04/access-justice-person-with-albinism.pdf,ACCESS TO JUSTICE FOR PERSONS WITH ALBINISM: CHALLENGES AND SOLUTIONS IN ZAMBIA,"Albinism for Change in Africa Initiative Organization (AFCIA), Albinism Foundation of Zambia (AFZ), Albinism Multi-Purpose Organization of Zambia (AMOZ), Butterfly Foundation of Zambia (BFZ), Light of the World Foundation (LTWF)",March 2025,CB was murdered between 18 and 22 July 2023. ... Paul Banda was later arrested after he reportedly attempted to sell human hair to an undercover police officer and then took the officer to the body of CB along Musadwe stream near Nkungulu Two Village in Katete. (Zambia),"['Tanzania', 'Zambia']",['right to life'],False
40,https://africaalbinismnetwork.org/wp-content/uploads/2025/04/access-justice-person-with-albinism.pdf,ACCESS TO JUSTICE FOR PERSONS WITH ALBINISM: CHALLENGES AND SOLUTIONS IN ZAMBIA,"Albinism for Change in Africa Initiative Organization (AFCIA), Albinism Foundation of Zambia (AFZ), Albinism Multi-Purpose Organization of Zambia (AMOZ), Butterfly Foundation of Zambia (BFZ), Light of the World Foundation (LTWF)",March 2025,"During the research period, the research team received information regarding intruders breaking into the home at night of a family of five, including three children with albinism. According to the information received the intruders shaved the heads of the three children, raped the wife, and left with the children’s hair. (Zambia)",['Zambia'],['right to health'],False
41,https://africaalbinismnetwork.org/wp-content/uploads/2025/04/access-justice-person-with-albinism.pdf,ACCESS TO JUSTICE FOR PERSONS WITH ALBINISM: CHALLENGES AND SOLUTIONS IN ZAMBIA,"Albinism for Change in Africa Initiative Organization (AFCIA), Albinism Foundation of Zambia (AFZ), Albinism Multi-Purpose Organization of Zambia (AMOZ), Butterfly Foundation of Zambia (BFZ), Light of the World Foundation (LTWF)",March 2025,"On 29 October 2023, there was an attempted attack on NK, a 59 year-old woman and mother to five children, of Kamphanda village, Lundazi district, Eastern Province. Around 1am an unidentified man went to her house and called for her to come out... He managed to remove a sack which was covering NK’s window... (Zambia)",['Zambia'],['right to life'],True
42,https://africaalbinismnetwork.org/wp-content/uploads/2025/04/access-justice-person-with-albinism.pdf,ACCESS TO JUSTICE FOR PERSONS WITH ALBINISM: CHALLENGES AND SOLUTIONS IN ZAMBIA,"Albinism for Change in Africa Initiative Organization (AFCIA), Albinism Foundation of Zambia (AFZ), Albinism Multi-Purpose Organization of Zambia (AMOZ), Butterfly Foundation of Zambia (BFZ), Light of the World Foundation (LTWF)",March 2025,"unidentified individuals attempted to break into the home of N who is the father of three children with albinism – YN (26-years-old), DN (21-years old) and BN (13-years-old). The alleged assailants reportedly tampered with the windows and doors of the house. (Zambia)",['Zambia'],['access to justice'],False
43,https://africaalbinismnetwork.org/wp-content/uploads/2025/04/access-justice-person-with-albinism.pdf,ACCESS TO JUSTICE FOR PERSONS WITH ALBINISM: CHALLENGES AND SOLUTIONS IN ZAMBIA,"Albinism for Change in Africa Initiative Organization (AFCIA), Albinism Foundation of Zambia (AFZ), Albinism Multi-Purpose Organization of Zambia (AMOZ), Butterfly Foundation of Zambia (BFZ), Light of the World Foundation (LTWF)",March 2025,"On 9 November 2023 in Mtete village in the constituency of Chief Mwase, Lundazi district in Eastern Province, two men reportedly went to the home of MM, a woman with albinism who is the widow of EM ... at 1:38am... They tried to convince her to leave her home and talk to them. (Zambia)","['Mozambique', 'Zambia']","['access to justice', 'right to life']",True
44,https://africaalbinismnetwork.org/wp-content/uploads/2025/04/access-justice-person-with-albinism.pdf,ACCESS TO JUSTICE FOR PERSONS WITH ALBINISM: CHALLENGES AND SOLUTIONS IN ZAMBIA,"Albinism for Change in Africa Initiative Organization (AFCIA), Albinism Foundation of Zambia (AFZ), Albinism Multi-Purpose Organization of Zambia (AMOZ), Butterfly Foundation of Zambia (BFZ), Light of the World Foundation (LTWF)",March 2025,JS (38-years-old) was reportedly attacked by four men who wanted his blood and hair while he was on his way back from church. (Zambia),['Zambia'],['right to health'],False
45,https://africaalbinismnetwork.org/wp-content/uploads/2025/04/access-justice-person-with-albinism.pdf,ACCESS TO JUSTICE FOR PERSONS WITH ALBINISM: CHALLENGES AND SOLUTIONS IN ZAMBIA,"Albinism for Change in Africa Initiative Organization (AFCIA), Albinism Foundation of Zambia (AFZ), Albinism Multi-Purpose Organization of Zambia (AMOZ), Butterfly Foundation of Zambia (BFZ), Light of the World Foundation (LTWF)",March 2025,"seven men appeared in a Lusaka magistrates court in connection with the attempted trafficking of TA, a woman, from Mozambique into Zambia. They were reportedly charged with two counts of conduct facilitating trafficking in persons and trafficking in persons (Zambia)","['Mozambique', 'Zambia']",[],False
46,https://africaalbinismnetwork.org/wp-content/uploads/2025/04/access-justice-person-with-albinism.pdf,ACCESS TO JUSTICE FOR PERSONS WITH ALBINISM: CHALLENGES AND SOLUTIONS IN ZAMBIA,"Albinism for Change in Africa Initiative Organization (AFCIA), Albinism Foundation of Zambia (AFZ), Albinism Multi-Purpose Organization of Zambia (AMOZ), Butterfly Foundation of Zambia (BFZ), Light of the World Foundation (LTWF)",March 2025,"For example, in 2018, DC (then 13 years old then) and GT (then 21 years old) were diagnosed with skin cancer after they had developed cancerous wounds. They only became aware of the need for sunscreen at the hospital after the diagnosis. (Zambia)",['Zambia'],"['right to health', 'adequate standard of living']",True
47,https://africaalbinismnetwork.org/wp-content/uploads/2025/04/access-justice-person-with-albinism.pdf,ACCESS TO JUSTICE FOR PERSONS WITH ALBINISM: CHALLENGES AND SOLUTIONS IN ZAMBIA,"Albinism for Change in Africa Initiative Organization (AFCIA), Albinism Foundation of Zambia (AFZ), Albinism Multi-Purpose Organization of Zambia (AMOZ), Butterfly Foundation of Zambia (BFZ), Light of the World Foundation (LTWF)",March 2025,"12 months ago, I stood at the funeral of Joseph, a great servant of God who lost his battle to skin cancer. Yesterday, I attended the funeral of his younger brother, another young life taken by this relentless disease at just 32 years old… I’m heartbroken because the government continues to procure poor quality sunscreen. (Zambia)",['Zambia'],[],False
48,https://africaalbinismnetwork.org/wp-content/uploads/2026/01/STATEMENT-CONDEMNING-THE-RENEWED-WAVE-OF-ATTACKS-AGAINST-PERSONS-WITH-ALBINISM-IN-MALAWI.pdf,STATEMENT CONDEMNING THE RENEWED WAVE OF ATTACKS AGAINST PERSONS WITH ALBINISM IN MALAWI,Africa Albinism Network (AAN),14th January 2026,"On 12 th January 2026, the grave of Maunsamatha Zakaliya, a woman with albinism who died in 2023 and was buried in GVH Kapala, Traditional Authority Nsakambewa, Dowa District, was desecrated, with perpetrators dismantling the concrete grave and amputating both hands from the elbows to the fingers.",['Malawi'],[],True
49,https://africaalbinismnetwork.org/wp-content/uploads/2026/01/STATEMENT-CONDEMNING-THE-RENEWED-WAVE-OF-ATTACKS-AGAINST-PERSONS-WITH-ALBINISM-IN-MALAWI.pdf,STATEMENT CONDEMNING THE RENEWED WAVE OF ATTACKS AGAINST PERSONS WITH ALBINISM IN MALAWI,Africa Albinism Network (AAN),14th January 2026,"On 17th November 2025, Israel Mbewe, a person with albinism from Traditional Authority Nthiramanja, Mulanje District, went missing raising serious fears for his safety and life;",['Malawi'],['right to life'],False
50,https://africaalbinismnetwork.org/wp-content/uploads/2026/01/STATEMENT-CONDEMNING-THE-RENEWED-WAVE-OF-ATTACKS-AGAINST-PERSONS-WITH-ALBINISM-IN-MALAWI.pdf,STATEMENT CONDEMNING THE RENEWED WAVE OF ATTACKS AGAINST PERSONS WITH ALBINISM IN MALAWI,Africa Albinism Network (AAN),14th January 2026,"On 10 th August 2025, William Kamtchitchi, a 63-year-old man with albinism from Maere Village, Traditional Authority Mbenje, Nsanje District) went missing raising serious fears for his safety and life.",['Zambia'],['right to life'],True
51,https://spcommreports.ohchr.org/TMResultsBase/DownLoadPublicCommunicationFile?gId=30283,Mandate of the Independent Expert on the enjoyment of human rights by persons with albinism,Muluka-Anne Miti-Drummond,15 August 2025,She attended Elementary School where she actively participated in school activities despite the apparent lack of appropriate measures to address the barriers and stigma associated with her albinism.,[],[],False
52,https://spcommreports.ohchr.org/TMResultsBase/DownLoadPublicCommunicationFile?gId=30283,Mandate of the Independent Expert on the enjoyment of human rights by persons with albinism,Muluka-Anne Miti-Drummond,15 August 2025,"was reported missing on 7 June 2025, and her parents accordingly registered a missing person’s report with the police .",[],[],False
53,https://spcommreports.ohchr.org/TMResultsBase/DownLoadPublicCommunicationFile?gId=30283,Mandate of the Independent Expert on the enjoyment of human rights by persons with albinism,Muluka-Anne Miti-Drummond,15 August 2025,"Between 7 – 16 June 2025 when was missing, three unknown individuals reportedly called her parents and demanded 10,000 Mozambican Metical (equivalent to USD 158.00) for her release.",['Mozambique'],['right to life'],False
54,https://spcommreports.ohchr.org/TMResultsBase/DownLoadPublicCommunicationFile?gId=30283,Mandate of the Independent Expert on the enjoyment of human rights by persons with albinism,Muluka-Anne Miti-Drummond,15 August 2025,"The reports further indicate that some organs/body parts, including the uterus, were missing .",[],[],False
55,https://spcommreports.ohchr.org/TMResultsBase/DownLoadPublicCommunicationFile?gId=30283,Mandate of the Independent Expert on the enjoyment of human rights by persons with albinism,Muluka-Anne Miti-Drummond,15 August 2025,No autopsy was reportedly conducted to determine the cause of death.,[],['access to justice'],False
56,https://www.ahrlj.up.ac.za/kajiru-i-mubangizi-j-c,Human rights violations of persons with albinism in Tanzania: The case of children in temporary holding shelters,Ines Kajiru & John C Mubangizi,2019,"Moreover, persons with albinism are killed for ritual purposes as it is believed that the potions witchdoctors concoct from these people’s body parts possess magical powers capable of bringing great wealth and fame if consumed or rubbed onto the body.",['Tanzania'],['right to life'],False
57,https://www.ahrlj.up.ac.za/kajiru-i-mubangizi-j-c,Human rights violations of persons with albinism in Tanzania: The case of children in temporary holding shelters,Ines Kajiru & John C Mubangizi,2019,"In some cases children were forcibly taken by police officers from parents who were reluctant to release them, whereas others were picked up at bus stands without their parents’ knowledge.",['Tanzania'],[],False
58,https://www.ahrlj.up.ac.za/kajiru-i-mubangizi-j-c,Human rights violations of persons with albinism in Tanzania: The case of children in temporary holding shelters,Ines Kajiru & John C Mubangizi,2019,"However, this expectation seems to be a fallacy as these children reportedly suffer severe discrimination at the hands of matrons, patrons, teachers and security guards who have no sympathy for them.",['Tanzania'],[],False
59,https://www.ahrlj.up.ac.za/kajiru-i-mubangizi-j-c,Human rights violations of persons with albinism in Tanzania: The case of children in temporary holding shelters,Ines Kajiru & John C Mubangizi,2019,"The children in these centres are sent out to milk cows, cut grass for the cows, till the land and perform other tasks without physical protection.",['Tanzania'],[],False
60,https://www.ahrlj.up.ac.za/kajiru-i-mubangizi-j-c,Human rights violations of persons with albinism in Tanzania: The case of children in temporary holding shelters,Ines Kajiru & John C Mubangizi,2019,"Poor sanitation, a limited number of toilets and a lack of security lighting also are problems that affect these children’s lives, resulting in a violation of the right to health and an adequate standard of living.",['Tanzania'],"['right to health', 'adequate standard of living']",False
61,https://www.ahrlj.up.ac.za/kajiru-i-mubangizi-j-c,Human rights violations of persons with albinism in Tanzania: The case of children in temporary holding shelters,Ines Kajiru & John C Mubangizi,2019,"According to Human Rights Watch insufficient teaching and learning materials, the shortage of classrooms and desks and overcrowded classrooms in these centres are alarming realities.",['Tanzania'],['right to education'],False
62,https://www.ahrlj.up.ac.za/kajiru-i-mubangizi-j-c,Human rights violations of persons with albinism in Tanzania: The case of children in temporary holding shelters,Ines Kajiru & John C Mubangizi,2019,"The report by the UTSS categorically states that children in these centres have no room for sports, play, games and any leisure activities as no timetable or schedule indicates such activities.",['Tanzania'],[],False
63,https://www.ahrlj.up.ac.za/kajiru-i-mubangizi-j-c,Human rights violations of persons with albinism in Tanzania: The case of children in temporary holding shelters,Ines Kajiru & John C Mubangizi,2019,The UTSS report exposed the violation of children’s rights in the centres as evidence was found that the children were subjected to corporal punishment and other inhumane treatment.,['Tanzania'],[],False
64,https://www.ahrlj.up.ac.za/kajiru-i-mubangizi-j-c,Human rights violations of persons with albinism in Tanzania: The case of children in temporary holding shelters,Ines Kajiru & John C Mubangizi,2019,In some instances teachers and care givers were reported to have punished children by making them stand in the sun to suffer sunburn.,['Tanzania'],['right to health'],False
65,https://www.ahrlj.up.ac.za/kajiru-i-mubangizi-j-c,Human rights violations of persons with albinism in Tanzania: The case of children in temporary holding shelters,Ines Kajiru & John C Mubangizi,2019,Mental and emotional torture also occurs as it was reported that some children were terrified by the threat that they would be returned to their villages to be killed.,['Tanzania'],['right to life'],False
66,https://ajod.org/index.php/ajod/article/view/1874/4275,Albinism and human rights: From marginalisation to global advocacy,Tameshnie Deane,24 June 2026,"In one Tanzanian case, a 12-year-old boy was attacked by neighbours and later reported feeling ‘like an animal marked for slaughter’.",['Tanzania'],['right to life'],False
67,https://ajod.org/index.php/ajod/article/view/1874/4275,Albinism and human rights: From marginalisation to global advocacy,Tameshnie Deane,24 June 2026,"Livingstone and Wisnicki (2019), for example, documented a Botswana case in which a mother of a child with albinism experienced extreme social pressure to kill her infant.",['Botswana'],"['right to life', 'right to health']",False
75,https://africaalbinismnetwork.org/wp-content/uploads/2025/10/Africa-Albinism-Network-Statement-at-ACHPR-85th-Ordinary-Session-Human-Rights-Situations-in-Africa-October-2025.pdf,"Statement delivered by Africa Albinism Network on behalf of Under the Same Sun on ""the human rights situation of persons with albinism in Africa""",Africa Albinism Network on behalf of Under the Same Sun,21 - 30 October 2025,"In May 2024, two-and-a half-year-old Asimwe Novath was brutally abducted and murdered in Tanzania, with her body mutilated for ritual purposes.",['Tanzania'],['right to life'],False
76,https://repository.up.ac.za/bitstreams/da109116-58c9-4d8a-ba3c-881ea8e6621a/download,Securing health and wellbeing for children with albinism,"Dr Dianah Msipa, Bonface Tafikah Massah, Professor Marie-Claire Van-Hout",13/06/2024,"Stigma, discrimination, and persecution associated with albinism lead to social isolation and medical neglect for malnutrition and HIV, malaria, and other infectious diseases.",[],"['right to health', 'adequate standard of living']",False
77,https://repository.up.ac.za/bitstreams/da109116-58c9-4d8a-ba3c-881ea8e6621a/download,Securing health and wellbeing for children with albinism,"Dr Dianah Msipa, Bonface Tafikah Massah, Professor Marie-Claire Van-Hout",13/06/2024,"Grave violations of human and child rights include kidnapping, organ trafficking, abandonment, infanticide, mutilation, and rape of children with albinism.",[],['right to life'],False
78,https://repository.up.ac.za/bitstreams/da109116-58c9-4d8a-ba3c-881ea8e6621a/download,Securing health and wellbeing for children with albinism,"Dr Dianah Msipa, Bonface Tafikah Massah, Professor Marie-Claire Van-Hout",13/06/2024,"The ACERWC noted a broad range of human rights violations of these children: family separation, poor accommodation, inadequate nutrition and basic provisions, physical attacks, and failure to provide medical care, education, and opportunity to play.",[],[],False
79,https://www.ipsnews.net/2026/06/people-with-albinism-face-discrimination-danger/,"People With Albinism Face Discrimination, Danger",Elizabeth Kamundia and Samer Muscati,Jun 3 2026,"When Patricia J. looks for work or shops at the outdoor markets near her home in rural Malawi, fear still follows her. Years after surviving two attacks linked to harmful beliefs about albinism, she says she remains constantly alert.",['Malawi'],['adequate standard of living'],False
80,https://link.springer.com/article/10.1007/s12687-026-00872-0,The impact of stigma on people with albinism in Africa: a narrative review,Jennifer GR Kromberg & Robyn A Kerr,21 March 2026,"The most intense experiences of stigma occurred during her higher education, when she was away from home, and early in her teaching career, when she was denied promotion, reflecting the structural stigma embedded in these environments.",[],[],False
81,https://malawi24.com/2026/01/18/even-in-death-albinism-victims-are-not-safe/,"Even in death, albinism victims are not safe",Eric Chiputula,18/01/2026,"The desecration of the grave of the late Mausamatha Zacharia, whose remains were allegedly mutilated with both arms removed, has laid bare the persistence of myths and criminal networks that continue to profit from violence against one of the country’s most marginalised communities.",['Malawi'],[],False
82,https://malawi24.com/2026/01/18/even-in-death-albinism-victims-are-not-safe/,"Even in death, albinism victims are not safe",Eric Chiputula,18/01/2026,The commission’s concern has been heightened by reports of the disappearance of another person with albinism in Mulanje District.,['Malawi'],['right to life'],False
83,https://www.african-court.org/ajudata/download-file/decision/689/EN/179,"CENTER FOR HUMAN RIGHTS AND OTHERS V. UNITED REPUBLIC OF TANZANIA, APPLICATION NO. 019/2018, JUDGMENT ON MERITS AND REPARATIONS",The African Court on Human and Peoples’ Rights,5 February 2025,the Court found a violation of the right of PWA to non-discrimination.,['Tanzania'],[],False
84,https://www.african-court.org/ajudata/download-file/decision/689/EN/179,"CENTER FOR HUMAN RIGHTS AND OTHERS V. UNITED REPUBLIC OF TANZANIA, APPLICATION NO. 019/2018, JUDGMENT ON MERITS AND REPARATIONS",The African Court on Human and Peoples’ Rights,5 February 2025,"the Respondent State had failed to effectively investigate, prosecute and punish perpetrators of killings of PWA, therefore, it had violated the right to life of PWA.",['Tanzania'],['right to life'],False
85,https://www.african-court.org/ajudata/download-file/decision/689/EN/179,"CENTER FOR HUMAN RIGHTS AND OTHERS V. UNITED REPUBLIC OF TANZANIA, APPLICATION NO. 019/2018, JUDGMENT ON MERITS AND REPARATIONS",The African Court on Human and Peoples’ Rights,5 February 2025,"the Respondent State had violated the freedom of PWA from torture, cruel, degrading and inhuman treatment, protected under Article 5 of the Charter.",['Tanzania'],[],False
86,https://www.african-court.org/ajudata/download-file/decision/689/EN/179,"CENTER FOR HUMAN RIGHTS AND OTHERS V. UNITED REPUBLIC OF TANZANIA, APPLICATION NO. 019/2018, JUDGMENT ON MERITS AND REPARATIONS",The African Court on Human and Peoples’ Rights,5 February 2025,the beliefs in the Respondent State coupled with the lack of concerted efforts to prosecute and punish offenders led to the harm inflicted on the PWA thereby violating the right to dignity of PWA protected under Article 5 of the Charter.,['Tanzania'],[],False
87,https://www.african-court.org/ajudata/download-file/decision/689/EN/179,"CENTER FOR HUMAN RIGHTS AND OTHERS V. UNITED REPUBLIC OF TANZANIA, APPLICATION NO. 019/2018, JUDGMENT ON MERITS AND REPARATIONS",The African Court on Human and Peoples’ Rights,5 February 2025,"the Respondent State had violated the right of children with albinism not to be subjected to abduction, sale and trafficking as a result of the abductions and trafficking of children with albinism together with the failure of the Respondent State to counter the same.",['Tanzania'],['right to life'],False
88,https://www.african-court.org/ajudata/download-file/decision/689/EN/179,"CENTER FOR HUMAN RIGHTS AND OTHERS V. UNITED REPUBLIC OF TANZANIA, APPLICATION NO. 019/2018, JUDGMENT ON MERITS AND REPARATIONS",The African Court on Human and Peoples’ Rights,5 February 2025,the conditions in the shelters including overcrowding were not suitable and in the best interests of the child. The Court therefore found a violation of Article 4 of the Children’s Charter.,['Tanzania'],['adequate standard of living'],False
89,https://www.african-court.org/ajudata/download-file/decision/689/EN/179,"CENTER FOR HUMAN RIGHTS AND OTHERS V. UNITED REPUBLIC OF TANZANIA, APPLICATION NO. 019/2018, JUDGMENT ON MERITS AND REPARATIONS",The African Court on Human and Peoples’ Rights,5 February 2025,"the education system provided at the shelters did not cater to the rights of PWA as for example the children with albinism were not provided with assistive devices such as spectacles. Consequently, the Court found a violation of the right to education.",['Tanzania'],['right to education'],False
90,https://www.african-court.org/ajudata/download-file/decision/689/EN/179,"CENTER FOR HUMAN RIGHTS AND OTHERS V. UNITED REPUBLIC OF TANZANIA, APPLICATION NO. 019/2018, JUDGMENT ON MERITS AND REPARATIONS",The African Court on Human and Peoples’ Rights,5 February 2025,"primary healthcare was not available, accessible or acceptable to PWA especially because of discriminatory attitudes that persist in the provision of health care and consequently found a violation.",['Tanzania'],['right to health'],False
91,https://www.african-court.org/ajudata/download-file/decision/689/EN/179,"CENTER FOR HUMAN RIGHTS AND OTHERS V. UNITED REPUBLIC OF TANZANIA, APPLICATION NO. 019/2018, JUDGMENT ON MERITS AND REPARATIONS",The African Court on Human and Peoples’ Rights,5 February 2025,"The Court also found a violation of Article 1 of the Charter in relation to the Respondent State’s duties to adopt legislative or other measures to give effect to the rights in the Charter as a result of its failure to comply with its obligations to promote and protect the rights of PWA given the findings of the violation of Articles 2, 4, 5, 7(1), 16, 17(1) of the Charter.",['Tanzania'],[],False
92,https://www.un.org/en/observances/albinism-day/albinism-and-human-rights,Albinism and Human Rights,United Nations,,"While growing up, ""some people treated me as less of a human being because they believed I had supernatural powers,"" Moses Swaray told Africa Renewal in an interview entitled:""Ending albino persecution in Africa"".",[],[],False
93,https://www.un.org/en/observances/albinism-day/albinism-and-human-rights,Albinism and Human Rights,United Nations,,"A caregiver attends to an abandoned toddler with albinism in Goma, North Kivu, DRC, 2007.",['Democratic Republic of the Congo'],[],False
94,https://www.ohchr.org/sites/default/files/2022-12/Albinism-Worldwide-Report-2021-EN.pdf,PEOPLE WITH ALBINISM WORLDWIDE,"Ikponwosa Ero, Samer Muscati, Anne-Rachelle Boulangler and India Annamanthadoo","June 13, 2021","A member of parliament with albinism appointed relatively recently, Hon. Isaac Mwaura, was also mocked by a fellow member of parliament.",[],[],False
95,https://www.ohchr.org/sites/default/files/2022-12/Albinism-Worldwide-Report-2021-EN.pdf,PEOPLE WITH ALBINISM WORLDWIDE,"Ikponwosa Ero, Samer Muscati, Anne-Rachelle Boulangler and India Annamanthadoo","June 13, 2021","In Gboko, Nigeria, a woman killed her baby with albinism after her husband’s family threatened to excommunicate her if she did not.",['Nigeria'],"['right to life', 'right to health']",False
96,https://www.ohchr.org/sites/default/files/2022-12/Albinism-Worldwide-Report-2021-EN.pdf,PEOPLE WITH ALBINISM WORLDWIDE,"Ikponwosa Ero, Samer Muscati, Anne-Rachelle Boulangler and India Annamanthadoo","June 13, 2021","In Uganda, a patient with albinism received nothing more than a bandage when they sought treatment for serious skin cancer.",['Uganda'],['right to health'],False
97,https://www.right-to-education.org/sites/right-to-education.org/files/resource-attachments/UN%20Independent%20Expert_Report_The%20right%20to%20education%20for%20persons%20with%20albinism_March2024_EN.pdf,The right to education for persons with albinism,Muluka-Anne Miti-Drummond,2 January 2024,"One respondent stated that a recent case of attempted abduction of a learner with albinism in Zambia, which reportedly included a teacher and carers at the school, illustrates that learners are not necessarily safe at such facilities either.",['Zambia'],[],False
98,https://www.dailymaverick.co.za/opinionista/2025-02-27-landmark-court-victory-for-human-rights-of-people-with-albinism-in-africa/,Landmark court victory for rights of people with albinism in Africa,Sarah L Bosha,27 Feb 2025,"“When I gave birth to my son, people in the community said I had sinned and that is why I gave birth to a child with albinism,” said a mother during one of the sessions. “People in my church would continually ask me, ‘How do you accept the birth of such a child?’ People told me there was a curse on my family for giving birth to such a child and that I should confess my sins because this was not normal. People told me, ‘Do not let your child pass near my house.’”",['Zambia'],[],True
99,https://www.dailymaverick.co.za/opinionista/2025-02-27-landmark-court-victory-for-human-rights-of-people-with-albinism-in-africa/,Landmark court victory for rights of people with albinism in Africa,Sarah L Bosha,27 Feb 2025,"“When I walk in public, people are always name calling,” she said.",['Zambia'],[],True
100,https://africaalbinismnetwork.org/wp-content/uploads/2025/09/Human-Rights-Situational-Analysis-Report-of-PWAs-in-Ghana-1.pdf,SITUATION ANALYSIS REPORT OF PERSONS WITH ALBINISM IN GHANA,Africa Albinism Network (AAN) and Ghana Association of Persons with Albinism (GAPA),2025,"The most recent report of an attack resulting in the death of a person with albinism occurred on 17 February 2015, when the deceased body of Kofi Yeboah, a person with albinism, was found in Amanase-Boketey near Suhum in the Eastern Region, suspected of having been killed by a local pastor.",['Ghana'],['right to life'],True
101,https://africaalbinismnetwork.org/wp-content/uploads/2025/09/Human-Rights-Situational-Analysis-Report-of-PWAs-in-Ghana-1.pdf,SITUATION ANALYSIS REPORT OF PERSONS WITH ALBINISM IN GHANA,Africa Albinism Network (AAN) and Ghana Association of Persons with Albinism (GAPA),2025,"More recently, an attempted abduction of a 16-year-old boy with albinism was reported in the town of Garu in the Upper East Region on January 1, 2023.",['Ghana'],['right to life'],False
102,https://africaalbinismnetwork.org/wp-content/uploads/2025/09/Human-Rights-Situational-Analysis-Report-of-PWAs-in-Ghana-1.pdf,SITUATION ANALYSIS REPORT OF PERSONS WITH ALBINISM IN GHANA,Africa Albinism Network (AAN) and Ghana Association of Persons with Albinism (GAPA),2025,"When I was born, my father rejected me, and my mother told me that he gave me poison to drink, but I vomited it out and survived. I was then forced to serve a fetish priest whom I had to accompany and serve anytime they were in a trance.",['Ghana'],['right to life'],False
103,https://africaalbinismnetwork.org/wp-content/uploads/2025/09/Human-Rights-Situational-Analysis-Report-of-PWAs-in-Ghana-1.pdf,SITUATION ANALYSIS REPORT OF PERSONS WITH ALBINISM IN GHANA,Africa Albinism Network (AAN) and Ghana Association of Persons with Albinism (GAPA),2025,"I had the experience of a teacher who took joy in lashing me because he had heard that my skin would become red when he lashed me. So, he constantly lashed me and would then ask me to lift my dress so that he could see if, indeed, my skin would turn red.",['Ghana'],['right to health'],False
104,https://africaalbinismnetwork.org/wp-content/uploads/2025/09/Human-Rights-Situational-Analysis-Report-of-PWAs-in-Ghana-1.pdf,SITUATION ANALYSIS REPORT OF PERSONS WITH ALBINISM IN GHANA,Africa Albinism Network (AAN) and Ghana Association of Persons with Albinism (GAPA),2025,"My landlady personally asked me, and she indicated that she would not be successful if she did not evict me from the house. Even though I resisted at first, I moved out because I started feeling unsafe.",['Ghana'],['access to justice'],False
105,https://africaalbinismnetwork.org/wp-content/uploads/2025/09/Human-Rights-Situational-Analysis-Report-of-PWAs-in-Ghana-1.pdf,SITUATION ANALYSIS REPORT OF PERSONS WITH ALBINISM IN GHANA,Africa Albinism Network (AAN) and Ghana Association of Persons with Albinism (GAPA),2025,"When I dropped out of school, I decided to learn a trade as a hairdresser. I was treated badly in this apprenticeship business because I was never allowed to touch anyone’s hair. For about three years, I was not taught anything by my madam, who had agreed to train me. Later, I was told that my madam said that she would not train me even if I spent 20 years in the establishment because I am a child from the gods, and she is scared of me.",['Ghana'],[],False
106,https://africaalbinismnetwork.org/wp-content/uploads/2025/09/Human-Rights-Situational-Analysis-Report-of-PWAs-in-Ghana-1.pdf,SITUATION ANALYSIS REPORT OF PERSONS WITH ALBINISM IN GHANA,Africa Albinism Network (AAN) and Ghana Association of Persons with Albinism (GAPA),2025,"As a teacher in the Birem South District of the Eastern region, I had to be posted to 4 or 5 schools within one school term without any explanation. When I finally settled in Kwae, it was resisted by the authorities, and when I enquired from the authorities, including from CHRAJ, it was explained to me that the communities did not accept persons with albinism and, therefore it would not be safe to be transferred to that community.",['Ghana'],[],False
107,https://africaalbinismnetwork.org/wp-content/uploads/2025/09/Human-Rights-Situational-Analysis-Report-of-PWAs-in-Ghana-1.pdf,SITUATION ANALYSIS REPORT OF PERSONS WITH ALBINISM IN GHANA,Africa Albinism Network (AAN) and Ghana Association of Persons with Albinism (GAPA),2025,"I have a personal experience of being targeted for ritual sacrifice. I was informed that there were people in the community from the chief’s palace who wanted to capture me and take me to a fetish priest. Fortunately, I was notified by one of the people who was at the chief’s palace when this decision was made. This made me so scared I had to quickly leave town for fear of my safety.",['Ghana'],['right to life'],False
108,https://www.ohchr.org/sites/default/files/documents/issues/albinism/cfis/10th-anniversry/2024-09-20-south-africa-inputs-report-ie-albinism-en.pdf,South Africa’s inputs to the Independent Expert on the Enjoyment of Human Rights by Persons with Albinism,"National Department of Women, Youth and Persons with Disabilities",September 2024,In 2017 a KwaZulu-Natal witchdoctor who conspired to murder Thandazile Mpunzi a 20-year-old woman with albinism was sentenced to life imprisonment. His three co accused – two got 20 years and one received an 18-year sentences respectively. The young woman was killed in 2015.,['South Africa'],['right to life'],False
109,https://www.ohchr.org/sites/default/files/documents/issues/albinism/cfis/10th-anniversry/2024-09-20-south-africa-inputs-report-ie-albinism-en.pdf,South Africa’s inputs to the Independent Expert on the Enjoyment of Human Rights by Persons with Albinism,"National Department of Women, Youth and Persons with Disabilities",September 2024,"In 2018 in Emalahleni, Mpumalanga it was the kidnapping and killing of a 13-year-old Gabisile Shabane a teenager with albinism and her 15-month-old cousin at Hlalanikahle township in Emalahleni.",['South Africa'],['right to life'],False
110,https://csjnews.org/article/people-with-albinism-in-malawi-face-discrimination-and-economic-exclusion,People with albinism in Malawi face discrimination and economic exclusion,Human Rights Watch,16/06/2026,"“When you send in your application, they don’t know you have albinism,” said Rose M., whose full name is withheld for her privacy. “When you show up for the interview, the facial expressions tell you everything. When I walked into the boardroom, I heard gasps.”",['Malawi'],[],False
111,https://africaalbinismnetwork.org/wp-content/uploads/2022/11/Namibia-Ombudsman-Albinism-Report-2022.pdf,REPORT ON THE PUBLIC HEARINGS ON PERSONS WITH ALBINISM IN NAMIBIA,OFFICE OF THE OMBUDSMAN,2022,"This was clearly illustrated by a 34-year-old woman, who informed the panel in Rundu that her family had hidden her for 22 years.",['Namibia'],[],False
112,https://africaalbinismnetwork.org/wp-content/uploads/2022/11/Namibia-Ombudsman-Albinism-Report-2022.pdf,REPORT ON THE PUBLIC HEARINGS ON PERSONS WITH ALBINISM IN NAMIBIA,OFFICE OF THE OMBUDSMAN,2022,"During the one-on-one sessions in Eenhana, a man alleged that when he was looking for land to create his mahangu field, some community members said, “He will disappear soon anyway; what will he do with the land?”",['Namibia'],[],False
113,https://africaalbinismnetwork.org/wp-content/uploads/2022/11/Namibia-Ombudsman-Albinism-Report-2022.pdf,REPORT ON THE PUBLIC HEARINGS ON PERSONS WITH ALBINISM IN NAMIBIA,OFFICE OF THE OMBUDSMAN,2022,A woman from Shambyu village stated that she faced difficulties registering the birth of her child with albinism due to the refusal of the child’s father to provide his identity documents.,['Namibia'],[],False
114,https://africaalbinismnetwork.org/wp-content/uploads/2022/11/Namibia-Ombudsman-Albinism-Report-2022.pdf,REPORT ON THE PUBLIC HEARINGS ON PERSONS WITH ALBINISM IN NAMIBIA,OFFICE OF THE OMBUDSMAN,2022,"During the Windhoek public hearings, a young woman with albinism stated that she was trained as an electrician at the Namibian Institute of Mining and Technology (NIMT) but could not find a job. She further said that a potential employer once told her that she was weak and could not work due to her sight.",['Namibia'],[],False
115,https://africaalbinismnetwork.org/wp-content/uploads/2022/11/Namibia-Ombudsman-Albinism-Report-2022.pdf,REPORT ON THE PUBLIC HEARINGS ON PERSONS WITH ALBINISM IN NAMIBIA,OFFICE OF THE OMBUDSMAN,2022,A female employee in the Kavango lamented that some workplaces have unfair labour practices where persons with albinism are paid less than other employees of the same rank.,['Namibia'],[],False
116,https://africaalbinismnetwork.org/wp-content/uploads/2022/11/Namibia-Ombudsman-Albinism-Report-2022.pdf,REPORT ON THE PUBLIC HEARINGS ON PERSONS WITH ALBINISM IN NAMIBIA,OFFICE OF THE OMBUDSMAN,2022,"During the Windhoek public hearings, it was alleged that a child with albinism was refused admission because other children threatened to leave the school if he was admitted.",['Namibia'],"['right to education', 'access to justice']",False
117,https://africaalbinismnetwork.org/wp-content/uploads/2022/11/Namibia-Ombudsman-Albinism-Report-2022.pdf,REPORT ON THE PUBLIC HEARINGS ON PERSONS WITH ALBINISM IN NAMIBIA,OFFICE OF THE OMBUDSMAN,2022,"She informed the panel that she had registered her child for Grade 1, and the child was admitted; however, on the first day of school, the teachers told her they did not know the child had albinism and based on that, they refused the child admission in the school.",['Namibia'],"['right to education', 'right to health']",False
118,https://africaalbinismnetwork.org/wp-content/uploads/2022/11/Namibia-Ombudsman-Albinism-Report-2022.pdf,REPORT ON THE PUBLIC HEARINGS ON PERSONS WITH ALBINISM IN NAMIBIA,OFFICE OF THE OMBUDSMAN,2022,"Upon giving birth to her baby boy, the nurse kept asking her, “What is this? What are you doing smiling at that thing?” The nurse humiliated her, and she was traumatised.",['Namibia'],['right to health'],False
119,https://africaalbinismnetwork.org/wp-content/uploads/2022/11/Namibia-Ombudsman-Albinism-Report-2022.pdf,REPORT ON THE PUBLIC HEARINGS ON PERSONS WITH ALBINISM IN NAMIBIA,OFFICE OF THE OMBUDSMAN,2022,"A young man in Eenhana stated that his mother wanted to kill him, but his grandmother protected him.",['Namibia'],['right to life'],False
120,https://africaalbinismnetwork.org/wp-content/uploads/2022/11/Namibia-Ombudsman-Albinism-Report-2022.pdf,REPORT ON THE PUBLIC HEARINGS ON PERSONS WITH ALBINISM IN NAMIBIA,OFFICE OF THE OMBUDSMAN,2022,"She assisted a family from the San community in her area by delivering two healthy children on different occasions. Both children had some form of albinism or skin issue. When she visited the new mother for follow-ups, she was told that the children had died. She has no proof but believes that they were murdered.",['Namibia'],"['right to life', 'right to health']",True
125,https://docs.un.org/en/A/74/184?direct=true,Social development challenges faced by persons with albinism,Secretary-General,17 July 2019,"In some communities, they are subjected to rape and other sexual violence because of the belief that sexual intercourse with a woman or girl with albinism can cure health problems (CEDAW/C/TZA/CO/7-8, para. 18 (b)).",[],[],False
126,https://docs.un.org/en/A/74/184?direct=true,Social development challenges faced by persons with albinism,Secretary-General,17 July 2019,"In sub-Saharan Africa, for instance, children with albinism in particular are the targets of witchcraft-related attacks because of the belief that the innocence of the victim increases the potency of the witchcraft.",[],['right to life'],False
127,https://docs.un.org/en/A/74/184?direct=true,Social development challenges faced by persons with albinism,Secretary-General,17 July 2019,"Name-calling, mockery and threats against politicians with albinism in Ghana, Kenya and the United Republic of Tanzania have reinforced such fear.","['Ghana', 'Kenya', 'Tanzania']",[],False
128,https://docs.un.org/en/A/74/184?direct=true,Social development challenges faced by persons with albinism,Secretary-General,17 July 2019,"For example, in 2017 the Association of Persons with Albinism in Malawi reported that this population was labelled as a risk group by loan institutions and small village loan and savings groups.",['Malawi'],[],False
129,https://www.unicri.org/sites/default/files/2019-10/IOM_PWA_REPORT_ENG_P2.pdf,SITUATION ANALYSIS ON THE HUMAN RIGHTS AND PROTECTION OF PERSONS WITH ALBINISM IN MOZAMBIQUE WITH A SPECIAL FOCUS ON HUMAN TRAFFICKING,Viktoria Perschler,December 2018,"A young man with albinism disappeared in 2014. He was selling telephone credit. One night, he was called and asked to come to sell credit to a client and was never seen again.",['Mozambique'],['right to life'],False
130,https://www.unicri.org/sites/default/files/2019-10/IOM_PWA_REPORT_ENG_P2.pdf,SITUATION ANALYSIS ON THE HUMAN RIGHTS AND PROTECTION OF PERSONS WITH ALBINISM IN MOZAMBIQUE WITH A SPECIAL FOCUS ON HUMAN TRAFFICKING,Viktoria Perschler,December 2018,In the District of Muatize (Condetse) a man abducted an eight-year-old child with albinism from the machamba (field) and killed her.,['Mozambique'],['right to life'],False
131,https://www.unicri.org/sites/default/files/2019-10/IOM_PWA_REPORT_ENG_P2.pdf,SITUATION ANALYSIS ON THE HUMAN RIGHTS AND PROTECTION OF PERSONS WITH ALBINISM IN MOZAMBIQUE WITH A SPECIAL FOCUS ON HUMAN TRAFFICKING,Viktoria Perschler,December 2018,"In 2017, the father and mother of a child with albinism from Mutara, tried to sell the child.",['Mozambique'],"['right to life', 'right to health']",False
132,https://www.unicri.org/sites/default/files/2019-10/IOM_PWA_REPORT_ENG_P2.pdf,SITUATION ANALYSIS ON THE HUMAN RIGHTS AND PROTECTION OF PERSONS WITH ALBINISM IN MOZAMBIQUE WITH A SPECIAL FOCUS ON HUMAN TRAFFICKING,Viktoria Perschler,December 2018,Another person with albinism was looking for work. They told him to come; forced him into the car. He disappeared; he was not found until today.,['Mozambique'],"['right to life', 'right to work']",False
133,https://www.unicri.org/sites/default/files/2019-10/IOM_PWA_REPORT_ENG_P2.pdf,SITUATION ANALYSIS ON THE HUMAN RIGHTS AND PROTECTION OF PERSONS WITH ALBINISM IN MOZAMBIQUE WITH A SPECIAL FOCUS ON HUMAN TRAFFICKING,Viktoria Perschler,December 2018,"In the District of Balama, a boy went to watch a projected movie. The uncle bought some cakes, luring the child together with his two friends away. They cut up the child in the school yard. They put the head in a latrine and took the remains of the body.",['Mozambique'],['right to life'],False
134,https://www.unicri.org/sites/default/files/2019-10/IOM_PWA_REPORT_ENG_P2.pdf,SITUATION ANALYSIS ON THE HUMAN RIGHTS AND PROTECTION OF PERSONS WITH ALBINISM IN MOZAMBIQUE WITH A SPECIAL FOCUS ON HUMAN TRAFFICKING,Viktoria Perschler,December 2018,"In Namumo the father himself “negotiated” 51 the girl. He cut the arms off. He had talked to the wife about this, but she had disagreed. He cut the child and put her parts into a bag.",['Mozambique'],['right to life'],False
135,https://www.unicri.org/sites/default/files/2019-10/IOM_PWA_REPORT_ENG_P2.pdf,SITUATION ANALYSIS ON THE HUMAN RIGHTS AND PROTECTION OF PERSONS WITH ALBINISM IN MOZAMBIQUE WITH A SPECIAL FOCUS ON HUMAN TRAFFICKING,Viktoria Perschler,December 2018,"In 2012, a person with albinism from Quissanga, who used to go to Mocimba da Praia regularly to visit his sister was abducted by boat.",['Mozambique'],['right to life'],False
136,https://www.unicri.org/sites/default/files/2019-10/IOM_PWA_REPORT_ENG_P2.pdf,SITUATION ANALYSIS ON THE HUMAN RIGHTS AND PROTECTION OF PERSONS WITH ALBINISM IN MOZAMBIQUE WITH A SPECIAL FOCUS ON HUMAN TRAFFICKING,Viktoria Perschler,December 2018,"A boy, 12-years-old, was abducted. He was selling eggs, when someone came and said he should go with him; he will buy all the eggs. The boy went; the man attacked him and cut off his genitals.",['Mozambique'],['right to life'],False
137,https://www.unicri.org/sites/default/files/2019-10/IOM_PWA_REPORT_ENG_P2.pdf,SITUATION ANALYSIS ON THE HUMAN RIGHTS AND PROTECTION OF PERSONS WITH ALBINISM IN MOZAMBIQUE WITH A SPECIAL FOCUS ON HUMAN TRAFFICKING,Viktoria Perschler,December 2018,"In 2015 in Mueda, it was a couple; they were in the field. The husband was killed and his body parts hacked off.",['Mozambique'],['right to life'],False
138,https://www.unicri.org/sites/default/files/2019-10/IOM_PWA_REPORT_ENG_P2.pdf,SITUATION ANALYSIS ON THE HUMAN RIGHTS AND PROTECTION OF PERSONS WITH ALBINISM IN MOZAMBIQUE WITH A SPECIAL FOCUS ON HUMAN TRAFFICKING,Viktoria Perschler,December 2018,"On Wednesday, September 13, 2017, a 17-year-old teenage boy with albinism whose name has not been released was brutally mutilated and killed in the Benga area, Moatize district in the province of Tete (northwest), Mozambique. The murderers amputated the young man’s arms and legs, removed his hair, and then smashed his skull and removed the brain.",['Mozambique'],['right to life'],True
139,https://www.unicri.org/sites/default/files/2019-10/IOM_PWA_REPORT_ENG_P2.pdf,SITUATION ANALYSIS ON THE HUMAN RIGHTS AND PROTECTION OF PERSONS WITH ALBINISM IN MOZAMBIQUE WITH A SPECIAL FOCUS ON HUMAN TRAFFICKING,Viktoria Perschler,December 2018,"On January 15, 2018, Mozambican police announced that it had aborted an attempt to kidnap an 11-year-old child with albinism in the central province of Zambezia, near the border of Malawi, and Mozambique. The child had been targeted by a gang of five traffickers in human body parts. By the time police were able to intervene and rescue the child; the gang had shaved his head and cut off his ears.",['Mozambique'],['right to life'],False
140,https://www.unicri.org/sites/default/files/2019-10/IOM_PWA_REPORT_ENG_P2.pdf,SITUATION ANALYSIS ON THE HUMAN RIGHTS AND PROTECTION OF PERSONS WITH ALBINISM IN MOZAMBIQUE WITH A SPECIAL FOCUS ON HUMAN TRAFFICKING,Viktoria Perschler,December 2018,"During the first week of May, 2016, the grave of a man with albinism was violated and robbed in a family cemetery in the northern city of Nampula in the neighbourhood of Namutequliua, Mozambique. The grave raiders allegedly removed the body, cut off the arms, and then dumped the rest of the body in a bush near the cemetery.",['Mozambique'],[],False
141,https://www.unicri.org/sites/default/files/2019-10/IOM_PWA_REPORT_ENG_P2.pdf,SITUATION ANALYSIS ON THE HUMAN RIGHTS AND PROTECTION OF PERSONS WITH ALBINISM IN MOZAMBIQUE WITH A SPECIAL FOCUS ON HUMAN TRAFFICKING,Viktoria Perschler,December 2018,"On July 9, 2018, a 10-year-old boy with albinism was abducted at dawn from his parents’ residence in the city of Lichinga, Niassa province, northern Mozambique.",['Mozambique'],['right to life'],False
142,https://unicri.org/situation-analysis-human-rights-and-protection-persons-albinism-mozambique-special-focus-human-trafficking,Situation Analysis on the Human Rights and protection of Persons with Albinism in Mozambique with a Special Focus on Human Trafficking,,,"Even though albinism is a natural inherited condition, persons with albinism are subject to discrimination, exclusion, verbal and physical violent attacks, which can amount to body part and organ removal, organ trafficking and murder.",['Mozambique'],"['adequate standard of living', 'right to health', 'right to life']",False
143,https://unicri.org/situation-analysis-human-rights-and-protection-persons-albinism-mozambique-special-focus-human-trafficking,Situation Analysis on the Human Rights and protection of Persons with Albinism in Mozambique with a Special Focus on Human Trafficking,,,"Following the sudden increase of reported physical attacks against persons with albinism at the end of 2014, which intensified in mid-2015, the trafficking of persons with albinism for the removal of body parts received increasing attention from law enforcement and human rights actors in Mozambique.",['Mozambique'],"['right to life', 'right to health']",False
144,https://unicri.org/situation-analysis-human-rights-and-protection-persons-albinism-mozambique-special-focus-human-trafficking,Situation Analysis on the Human Rights and protection of Persons with Albinism in Mozambique with a Special Focus on Human Trafficking,,,"The UNIE also states, that whereas physical attacks against persons with albinism, including kidnapping and trafficking in body parts, have been reported in the majority of the provinces of Mozambique, Zambezia seems particularly affected.",['Mozambique'],['right to life'],False
145,https://angop.ao/en/noticias/grandes-reportagens/pessoas-com-albinismo-condenadas-pela-ignorancia/,Pessoas com albinismo condenadas pela ignorância,João Wassamba,10/06/2026,"Carla Maria, de 20 anos, contou à ANGOP que o medo e a humilhação transformaram a rua num espaço de dor constante. Para além das queimaduras provocadas pelo sol intenso, enfrenta, todos os dias, atitudes degradantes de pessoas que acreditam, erradamente, que o albinismo é contagioso. “Há pessoas que evitam tocar-me. Outras cumprimentam-me com sacos nas mãos. Algumas cospem ou insultam-me”, lamentou.",['Angola'],['adequate standard of living'],True
146,https://angop.ao/en/noticias/grandes-reportagens/pessoas-com-albinismo-condenadas-pela-ignorancia/,Pessoas com albinismo condenadas pela ignorância,João Wassamba,10/06/2026,"Landa de Sousa abandonou os estudos após sucessivas humilhações dentro da sala de aula. A estudante conta ter pedido, certa vez, ao professor para ampliar a escrita no quadro devido às dificuldades visuais provocadas pelo albinismo, porém recusou o pedido, por alegada falta de culpa dos problemas de visão da aluna.",['Angola'],"['right to education', 'right to health']",True
147,https://angop.ao/en/noticias/grandes-reportagens/pessoas-com-albinismo-condenadas-pela-ignorancia/,Pessoas com albinismo condenadas pela ignorância,João Wassamba,10/06/2026,"José Chimbali recordou um episódio traumático vivido em 2025, quando um grupo de jovens o perseguiu na rua por superstição e crenças ligadas à sorte divina. “Fugi para uma casa desconhecida para salvar a minha vida”, contou.",['Angola'],['right to life'],True
148,https://africaalbinismnetwork.org/blog/angola-adopts-national-action-plan-on-albinism-after-six-years-of-relentless-advocacy/,Angola Adopts National Action Plan on Albinism After Six Years of Relentless Advocacy,Africa Albinism Network (ANN),"October 7, 2023","Joel, like so many other individuals with albinism, has experienced and witnessed firsthand the discrimination faced by people with albinism in Angola, including harmful stereotypes and myths.",['Angola'],['adequate standard of living'],False
149,https://africaalbinismnetwork.org/wp-content/uploads/2024/09/Alternative-Report-on-Benin-to-CEDAW.pdf,Joint Alternative Report on the Human Rights Situations of Women with Albinism in Benin to the 89 th Session of the Committee on the Elimination of All Forms of Discrimination Against Women (CEDAW Committee),"Africa Albinism Network (AAN), Divine Connexion Worldwide, and ONG Valeur Albinos",,"Additionally, they reported a case of a young girl with albinism who was abducted and disappeared but was later found by the police.",['Benin'],['right to life'],False
150,https://africaalbinismnetwork.org/wp-content/uploads/2024/09/Alternative-Report-on-Benin-to-CEDAW.pdf,Joint Alternative Report on the Human Rights Situations of Women with Albinism in Benin to the 89 th Session of the Committee on the Elimination of All Forms of Discrimination Against Women (CEDAW Committee),"Africa Albinism Network (AAN), Divine Connexion Worldwide, and ONG Valeur Albinos",,"For instance, a girl with albinism was assaulted by one of her colleagues at school who snatched her bread and threw it away and said, ""You fetish, what are you doing here among us"".",['Benin'],['adequate standard of living'],False
151,https://africaalbinismnetwork.org/wp-content/uploads/2024/09/Alternative-Report-on-Benin-to-CEDAW.pdf,Joint Alternative Report on the Human Rights Situations of Women with Albinism in Benin to the 89 th Session of the Committee on the Elimination of All Forms of Discrimination Against Women (CEDAW Committee),"Africa Albinism Network (AAN), Divine Connexion Worldwide, and ONG Valeur Albinos",,"For example, a person with albinism narrated, “I worked as a teacher in a school where, due to my condition of albinism,

some individuals were determined to have me removed. They made every effort to push me out of my position, ultimately leading to my resignation.”",['Benin'],['right to work'],False
152,https://africaalbinismnetwork.org/wp-content/uploads/2024/09/Alternative-Report-on-Benin-to-CEDAW.pdf,Joint Alternative Report on the Human Rights Situations of Women with Albinism in Benin to the 89 th Session of the Committee on the Elimination of All Forms of Discrimination Against Women (CEDAW Committee),"Africa Albinism Network (AAN), Divine Connexion Worldwide, and ONG Valeur Albinos",,"For example, a young lady with albinism was initially denied a teaching position at a school, with the justification that his visual impairment was a barrier—an excuse that was clearly a pretext for discrimination. It was only after intervention by an albinism advocacy group that he was hired, and he later received commendations for his exceptional performance.",['Benin'],['right to work'],False
153,https://africaalbinismnetwork.org/wp-content/uploads/2024/09/Alternative-Report-on-Benin-to-CEDAW.pdf,Joint Alternative Report on the Human Rights Situations of Women with Albinism in Benin to the 89 th Session of the Committee on the Elimination of All Forms of Discrimination Against Women (CEDAW Committee),"Africa Albinism Network (AAN), Divine Connexion Worldwide, and ONG Valeur Albinos",,"A recent case from August 2024 highlights the challenges faced by a young woman with albinism, thirty years old and widowed a year and half ago. . Since his death, she has faced ongoing discrimination from her late husband's family, who have unfairly blamed her for his passing due to her albinism.

Her in-laws forcibly took her two young children away from her and subjected them to mistreatment. When She demanded the return of her children due to the abuse they were facing, she was met with insults, threats, and hostility. When she persisted in seeking custody of her children, she was threatened with death.",['Benin'],"['right to life', 'adequate standard of living']",False
154,https://africaalbinismnetwork.org/wp-content/uploads/2024/09/Alternative-Report-on-Benin-to-CEDAW.pdf,Joint Alternative Report on the Human Rights Situations of Women with Albinism in Benin to the 89 th Session of the Committee on the Elimination of All Forms of Discrimination Against Women (CEDAW Committee),"Africa Albinism Network (AAN), Divine Connexion Worldwide, and ONG Valeur Albinos",,"A notable example of discrimination as narrated by a woman with albinism

“I recently experienced discrimination at a birthday party. A man showed interest in me, but his aunt disapproved and kept trying to signal him to stay away. He didn't understand her intentions and kept insisting on getting to know me. Frustrated, his aunt finally spoke up loudly in the Fonje language, saying, ""These people are causing problems. I don't want that for you."" Her words were hurtful and shocking, and the entire room fell silent, stunned by her blatant prejudice.”",['Benin'],['adequate standard of living'],False
155,https://africaalbinismnetwork.org/wp-content/uploads/2024/09/Alternative-Report-on-Benin-to-CEDAW.pdf,Joint Alternative Report on the Human Rights Situations of Women with Albinism in Benin to the 89 th Session of the Committee on the Elimination of All Forms of Discrimination Against Women (CEDAW Committee),"Africa Albinism Network (AAN), Divine Connexion Worldwide, and ONG Valeur Albinos",,"According to reports from albinism groups in Benin, a woman who gave birth to twins with albinism was immediately divorced by her husband solely because their children were born with albinism.",['Benin'],['right to health'],False
156,https://www.ungeneva.org/en/news-media/meeting-summary/2022/08/experts-committee-elimination-racial-discrimination-commend,"Experts of the Committee on the Elimination of Racial Discrimination Commend Benin on National Human Rights Institution, Ask Questions on Repatriation of Artefacts from Europe and Discrimination Against People with Albinism",United Nations Information Service in Geneva,10 August 2022,There was also a case of a young girl with albinism who was abducted and disappeared who had been found by the police.,['Benin'],['right to life'],False
157,https://www.voanews.com/a/un-concerned-about-minority-group-discrimination-in-benin-zimbabwe/6726715.html,"UN Concerned About Minority Group Discrimination in Benin, Zimbabwe",Lisa Schlein,01/09/2022,"In our interactive dialogue with Benin, the committee raised concerns about reports that people with albinism are often subjected to extreme physical attacks, stigmatization and discrimination based on beliefs related to witchcraft and skin color.",['Benin'],[],False
158,https://upr-info.org/sites/default/files/country-document/2022-12/CBDH_Statement_Presession42_Benin.pdf,"MISE EN OEUVRE DES CONVENTIONS INTERNATIONALES, DROITS DES PERSONNES HANDICAPEES",,12/2022,"Des agressions rituelles sont commises à l’ encontre de personnes souffrant d’ albinisme, en particulier, les enfants.",['Benin'],[],False
159,https://upr-info.org/sites/default/files/country-document/2022-12/CBDH_Statement_Presession42_Benin.pdf,"MISE EN OEUVRE DES CONVENTIONS INTERNATIONALES, DROITS DES PERSONNES HANDICAPEES",,12/2022,"Dans les écoles et autres lieux d’ apprentissage, des tableaux continuent d’ être de couleur verte alors que les enfants atteints d’ albinisme ont du mal à voir du blanc sur du vert. Des élèves atteints d’ albinisme continuent d’ être placés loin du tableau.",['Benin'],[],False
160,https://upr-info.org/sites/default/files/country-document/2022-12/CBDH_Statement_Presession42_Benin.pdf,"MISE EN OEUVRE DES CONVENTIONS INTERNATIONALES, DROITS DES PERSONNES HANDICAPEES",,12/2022,"En ce qui concerne la participation aux élections, lors des présidentielles de 2021, dans certains centres de vote, les personnes handicapées ont eu du mal à exercer leur droit de vote, car les lieux étaient situés en hauteur et aucune rampe n’ a été prévue pour leur en faciliter l’ accès.",['Benin'],[],False
161,https://www.right-docs.org/doc/a-hrc-40-62/,Right to access to justice for persons with albinism,Independent Expert on the enjoyment of human rights by persons with albinism,January 2019,"A stakeholder from Uganda stated that in Rukiga District, a person with albinism was attacked with a machete but the attacker was released because of threats made to the family of the victim, resulting in the case being withdrawn.","['Uganda', 'Rwanda']","['right to life', 'access to justice']",False
162,https://www.right-docs.org/doc/a-hrc-40-62/,Right to access to justice for persons with albinism,Independent Expert on the enjoyment of human rights by persons with albinism,January 2019,"According to recent reports from Malawi, a law enforcement officer has been implicated in the abduction and killing of a 22-year-old man with albinism.",['Malawi'],"['right to life', 'access to justice']",False
163,https://www.right-docs.org/doc/a-hrc-40-62/,Right to access to justice for persons with albinism,Independent Expert on the enjoyment of human rights by persons with albinism,January 2019,"The kidnapping of a 4-year-old boy with albinism in Empangeni, KwaZulu-Natal, led to an investigation and arrest.",['South Africa'],['right to life'],False
164,https://www.right-docs.org/doc/a-hrc-40-62/,Right to access to justice for persons with albinism,Independent Expert on the enjoyment of human rights by persons with albinism,January 2019,"In a submission from Zambia it was stated that two people had been apprehended for attacking a person with albinism in Kasama, Northern Province, but no further information was available.",['Zambia'],"['right to life', 'right to health']",True
165,https://www.sosmediasburundi.org/en/2024/05/25/giharo-six-people-accused-of-desecrating-the-grave-of-an-albino-arrested/,Giharo: six people accused of desecrating the grave of an albino arrested - SOS Médias Burundi,SOS Médias Burundi,25/05/2024,"The young albino who was about to be dug up died in unclear circumstances. He was allegedly poisoned by one of the same people arrested while digging up the body, according to sources close to the family.",['Burundi'],"['right to life', 'right to health']",False
166,https://www.sosmediasburundi.org/en/2024/05/25/giharo-six-people-accused-of-desecrating-the-grave-of-an-albino-arrested/,Giharo: six people accused of desecrating the grave of an albino arrested - SOS Médias Burundi,SOS Médias Burundi,25/05/2024,"Six people are detained since Thursday, May 23 at the municipal police station in Giharo for desecration of the grave of an albino child. The incident took place on Mura hill in Giharo zone and commune in Rutana province (southeastern Burundi).",['Burundi'],['right to life'],False
167,https://www.iwacu-burundi.org/englishnews/discrimination-and-skin-diseases-pose-major-threat-to-burundian-albinos/,Discrimination and skin diseases pose major threat to Burundian albinos,Diane Uwimana,13/06/2018,"Odile Nshimirimana, 23, an albinos and elder of eight children-three of them are albinos, says she was forced to leave home in Nyabiraba Commune of Bujumbura Province.",['Burundi'],['adequate standard of living'],False
168,https://www.iwacu-burundi.org/englishnews/discrimination-and-skin-diseases-pose-major-threat-to-burundian-albinos/,Discrimination and skin diseases pose major threat to Burundian albinos,Diane Uwimana,13/06/2018,"Richard Niyonzima, a young student aged 30, says he experiences the same situation. He has been forced to leave home due to his parents’ discrimination. “My parents didn’t want pay school fees for me while my brothers continue to study without any problem,” he says.",['Burundi'],"['right to education', 'adequate standard of living']",False
169,https://www.iwacu-burundi.org/englishnews/discrimination-and-skin-diseases-pose-major-threat-to-burundian-albinos/,Discrimination and skin diseases pose major threat to Burundian albinos,Diane Uwimana,13/06/2018,"Hafsa Igiraneza, an albino and mother of three children from Mutakura neighborhood in Ntahangwa urban commune in the capital Bujumbura, says her neighbors discriminate her.",['Burundi'],[],False
170,https://www.iwacu-burundi.org/englishnews/burundi-albinos-discrimination-a-sad-situation/,Burundi Albinos’ discrimination a sad situation,Yves Didier Irakoze,09/12/2013,"According to Nathalie Muco, Chairperson of “Albinos Women Association Hope”, albinos are not accepted in their community. They are vulnerable, lonely, unemployed, assaulted, kidnapped or killed, weak and their security leaves to desire.",['Burundi'],['adequate standard of living'],False
171,https://www.iwacu-burundi.org/englishnews/burundi-albinos-discrimination-a-sad-situation/,Burundi Albinos’ discrimination a sad situation,Yves Didier Irakoze,09/12/2013,"“Albino women are more despised in the community. They are often chased out by their families because they are considered as evil beings, especially when they fall in love with one member of the family and get married to him.",['Burundi'],[],False
172,https://www.iwacu-burundi.org/englishnews/burundi-albinos-discrimination-a-sad-situation/,Burundi Albinos’ discrimination a sad situation,Yves Didier Irakoze,09/12/2013,"“In DRC, a man with HIV/AIDS thinks that if he makes love with an albino woman, he is healed; it’s very sad and can you imagine how albinos are exposed? Albinos are also considered as people who bring chance following the society, that’s why they are sometimes killed or their bodies’ part cut off,” regrets Mwimba.",['Burundi'],"['right to life', 'right to health']",False
173,https://www.iwacu-burundi.org/englishnews/burundi-albinos-discrimination-a-sad-situation/,Burundi Albinos’ discrimination a sad situation,Yves Didier Irakoze,09/12/2013,"According to Hakizimana Nicodème, an albino from Rwanda, in his country, the government works hard to protect albinos and integrate them in education through an inclusive education program though in some schools, albino students still face some problems of being rejected or beaten by their classmates.",['Rwanda'],[],False
174,https://www.africaninsider.com/news/albino-child-dismembered-in-burundi-association-says/,"Albino child dismembered in Burundi, association says",Betha,02/02/2022,"The kidnappers drove the boy, whose name was given as Abdul, some 230 (145 miles) kilometres to Cankuzo province where he was killed and dismembered, said ASF and a local administrative official.",['Burundi'],['right to life'],False
175,https://www.africa-press.net/cape-verde/all-news/albinism-stigma-myths-and-ritualistic-fears,Albinism Stigma Myths and Ritualistic Fears,MARGARET LUBINDA,21-07-2026,"Social justice advocate for persons with disabilities, Kudakwashe Govere, recalls how a trip to school on the morning of November 27, 2023, turned into an abduction in Bulawayo, from which she narrowly escaped rape and death.",['Zimbabwe'],['right to life'],False
176,https://www.africa-press.net/cape-verde/all-news/albinism-stigma-myths-and-ritualistic-fears,Albinism Stigma Myths and Ritualistic Fears,MARGARET LUBINDA,21-07-2026,"Portia Sibanda, from Plumtree, lamented how she had to leave a job in South Africa and forgo a donor opportunity because of threats to her four-year-old, with individuals offering huge sums for either her child or her hair.",['South Africa'],['adequate standard of living'],False
177,https://www.africa-press.net/cape-verde/all-news/albinism-stigma-myths-and-ritualistic-fears,Albinism Stigma Myths and Ritualistic Fears,MARGARET LUBINDA,21-07-2026,"I even witnessed a woman in town whose child had their hand cut off by men who quickly fled in a car,",['Cape Verde'],[],False
178,https://www.africanews.com/2021/12/06/cameroon-s-albinos-threatened-by-magic-and-superstition/,Cameroon's albinos threatened by magic and superstition,,13/08/2024,"President of the Association for the Promotion of Albinos in Cameroon, Kakmeni Wembou Raphaël lamented his mother faced a lot of societal pressure to put her at the granary. ""My mother was told to put me in the granary, because when the corn is dried in the granary and she put me there, I will become black afterwards.""",['Cameroon'],[],False
179,https://www.africanews.com/2021/12/06/cameroon-s-albinos-threatened-by-magic-and-superstition/,Cameroon's albinos threatened by magic and superstition,,13/08/2024,"""My own family does not visit me. So everything I do, they don't take into consideration. They have no respect for me ... Njoko Kom Sandra added.",['Cameroon'],[],False
180,https://www.africanews.com/2021/12/06/cameroon-s-albinos-threatened-by-magic-and-superstition/,Cameroon's albinos threatened by magic and superstition,,13/08/2024,"A primary school pupil, Douangni Sandrine, is now an outcast in her own family. According to her, no member of the family cares about her wellbeing due to her skin colour.",['Cameroon'],[],False
181,https://www.aa.com.tr/en/life/albinos-in-cameroon-threatened-due-to-witchcraft-superstitious-beliefs/2429227,"Albinos in Cameroon threatened due to witchcraft, superstitious beliefs",Ahmet Emin Donmez,24 November 2021,"We found the body of an albino girl next to the trash can. Half the body was gone. Certainly, half of the corpse was used for rituals of sorcerers.",['Cameroon'],['right to life'],False
182,https://www.aa.com.tr/en/life/albinos-in-cameroon-threatened-due-to-witchcraft-superstitious-beliefs/2429227,"Albinos in Cameroon threatened due to witchcraft, superstitious beliefs",Ahmet Emin Donmez,24 November 2021,They wanted to put me in the attic where they dry corn so that I would turn black again,['Cameroon'],['right to life'],False
183,https://www.aa.com.tr/en/life/albinos-in-cameroon-threatened-due-to-witchcraft-superstitious-beliefs/2429227,"Albinos in Cameroon threatened due to witchcraft, superstitious beliefs",Ahmet Emin Donmez,24 November 2021,"My family rejected me. My family doesn't want to see me. No matter what I do, they ignore it because I'm an albino. I have no dignity in their eyes,"" said Njoko kom Sandra.",['Cameroon'],['adequate standard of living'],False
184,https://www.aa.com.tr/en/life/albinos-in-cameroon-threatened-due-to-witchcraft-superstitious-beliefs/2429227,"Albinos in Cameroon threatened due to witchcraft, superstitious beliefs",Ahmet Emin Donmez,24 November 2021,"Elementary school student Douangni Sandrine, who could not hold back her tears while describing the difficulties she experienced, said no one wanted to be friends with her and that she is always lonely.",['Cameroon'],[],False
185,https://www.thenationalnews.com/weekend/2023/12/01/albinos-in-cameroon-battle-prejudice-with-beauty-pageants-and-social-media/,Albinos in Cameroon battle prejudice with beauty pageants and social media,Sah Terence Animbo,"December 01, 2023","Twenty-nine-year-old Cameroonian Nicole Whitney Ebenye never met her father. He abandoned her and her mother when she was two months old because she had the rare genetic condition albinism, which gave her light-coloured eyes and fair skin.",['Cameroon'],"['right to life', 'right to health']",False
186,https://www.voanews.com/a/cameroons-albinos-fight-prejudice-106312068/156587.html,Cameroon’s Albinos Fight Prejudice,,"October 28, 2010",Natasha says even her own mother admits regularly shaving her hair when she was younger for the same purpose.,['Cameroon'],[],False
187,https://www.voanews.com/a/cameroons-albinos-fight-prejudice-106312068/156587.html,Cameroon’s Albinos Fight Prejudice,,"October 28, 2010","She says some men, running for elections or seeking job promotions, have offered her huge amounts of money for sex.",['Cameroon'],[],False
188,https://corbeaunews-centrafrique.org/centrafrique-les-albinos-toujours-face-a-lexclusion-et-aux-prejuges/,Centrafrique : les albinos toujours face à l’exclusion et aux préjugés,"La rédaction de Corbeau News Centrafrique, CNC",18 juillet 2026,"Pourtant, en République centrafricaine, beaucoup sont mis au ban de la société, parfois chassés par leur propre famille à cause de mythes anciens qui les lient à des malédictions.",['Central African Republic'],[],False
189,https://corbeaunews-centrafrique.org/centrafrique-les-albinos-toujours-face-a-lexclusion-et-aux-prejuges/,Centrafrique : les albinos toujours face à l’exclusion et aux préjugés,"La rédaction de Corbeau News Centrafrique, CNC",18 juillet 2026,"Elle dénonce le décrochage scolaire forcé de nombreux enfants albinos, l’absence de centres de santé équipés pour traiter leurs problèmes de peau ou de vision, et une marginalisation qui brise des vies.",['Central African Republic'],"['right to health', 'adequate standard of living', 'right to education']",False
190,https://corbeaunews-centrafrique.org/centrafrique-les-albinos-toujours-face-a-lexclusion-et-aux-prejuges/,Centrafrique : les albinos toujours face à l’exclusion et aux préjugés,"La rédaction de Corbeau News Centrafrique, CNC",18 juillet 2026,"En Tanzanie, par exemple, où les albinos ont subi des violences extrêmes liées à des superstitions, des organisations comme Under The Same Sun changent la donne.",['Tanzania'],[],False
191,https://corbeaunews-centrafrique.org/centrafrique-les-albinos-toujours-face-a-lexclusion-et-aux-prejuges/,Centrafrique : les albinos toujours face à l’exclusion et aux préjugés,"La rédaction de Corbeau News Centrafrique, CNC",18 juillet 2026,"les albinos n’ont pas accès aux soins, sont absents des sphères décisionnelles et subissent une marginalisation qui frôle l’abandon.",['Central African Republic'],"['right to health', 'adequate standard of living']",True
206,https://bhekisisa.org/wp-content/uploads/2023/05/A_71_255-EN.pdf,Report of the Independent Expert on the enjoyment of human rights by persons with albinism: a preliminary survey on the root causes of attacks and discrimination against persons with albinism,Ikponwosa Ero,29 July 2016,"the nineteenth century Scottish missionary David Livingstone described the killing of a young boy with albinism by his mother: 'the mother is said to have become tired of living apart from the father, who refused to have her while she retained their son. She took him out one day, and killed him close to the village of Mabotsa, and nothing was done to her by the authorities'.",['South Africa'],"['right to life', 'access to justice']",False
207,https://www.underthesamesun.com/wp-content/uploads/2026/01/Attacks-of-PWA-Extended-23.01.2026.pdf,RE: PERSONS WITH ALBINISM (Extended Version),Under The Same Sun (UTSS),"January 23, 2026","On August 4, 2017, a 13-year-old girl with albinism (name withheld) narrowly escaped abduction and was found unhurt the following day in Dogbo in the southwest of Benin.",['Benin'],['right to life'],False
208,https://www.underthesamesun.com/wp-content/uploads/2026/01/Attacks-of-PWA-Extended-23.01.2026.pdf,RE: PERSONS WITH ALBINISM (Extended Version),Under The Same Sun (UTSS),"January 23, 2026","On July 13, 2013, a 20-year-old man with albinism known as F.M.H. was deceived, drugged, kidnapped, killed, and mutilated in his homeland of Benin.",['Benin'],['right to life'],False
209,https://www.underthesamesun.com/wp-content/uploads/2026/01/Attacks-of-PWA-Extended-23.01.2026.pdf,RE: PERSONS WITH ALBINISM (Extended Version),Under The Same Sun (UTSS),"January 23, 2026","On March 23, 2019, a 45-year-old man with albinism by the name of A.A. went missing in the city of Abomey, Zou Department, Benin.",['Benin'],['right to life'],True
210,https://www.underthesamesun.com/wp-content/uploads/2026/01/Attacks-of-PWA-Extended-23.01.2026.pdf,RE: PERSONS WITH ALBINISM (Extended Version),Under The Same Sun (UTSS),"January 23, 2026","In September of 2018, a 50-year-old woman with albinism by the name of D.C.K. ends up dying of skin cancer after which her lifeless body was decapitated by a family member at her burial in the woods near her family home in the community of Allada, Atlantique Department, Benin.",['Benin'],"['right to life', 'right to health', 'adequate standard of living']",True
211,https://www.underthesamesun.com/wp-content/uploads/2026/01/Attacks-of-PWA-Extended-23.01.2026.pdf,RE: PERSONS WITH ALBINISM (Extended Version),Under The Same Sun (UTSS),"January 23, 2026","In September of 1998, a 27-year-old woman with albinism (name withheld) narrowly escaped a second plot against her life at Kanye, her native village in Southern Botswana.",['Botswana'],['right to life'],False
212,https://www.underthesamesun.com/wp-content/uploads/2026/01/Attacks-of-PWA-Extended-23.01.2026.pdf,RE: PERSONS WITH ALBINISM (Extended Version),Under The Same Sun (UTSS),"January 23, 2026","On Wednesday, 24 May 2023 K.M. (a 34-year-old woman with albinism) was allegedly stabbed to death by her husband G.M. in the presence of a psychologist at the women's shelter in Gaborone, Botswana.",['Botswana'],['right to life'],True
213,https://www.underthesamesun.com/wp-content/uploads/2026/01/Attacks-of-PWA-Extended-23.01.2026.pdf,RE: PERSONS WITH ALBINISM (Extended Version),Under The Same Sun (UTSS),"January 23, 2026","On August 14, 2012, a 12-year-old boy with albinism was killed in Gaoua, Burkina Faso, with his head and genitals removed.",['Burkina Faso'],['right to life'],False
214,https://www.underthesamesun.com/wp-content/uploads/2026/01/Attacks-of-PWA-Extended-23.01.2026.pdf,RE: PERSONS WITH ALBINISM (Extended Version),Under The Same Sun (UTSS),"January 23, 2026","On April 18, 2012, Dr. P.K., an American physician originally from Kenya, was an eyewitness at the Nairobi airport to three aggressive African men allowed to transport a young boy with albinism out of the country without a passport, headed to Burkina Faso.",['Kenya'],['right to life'],False
215,https://www.underthesamesun.com/wp-content/uploads/2026/01/Attacks-of-PWA-Extended-23.01.2026.pdf,RE: PERSONS WITH ALBINISM (Extended Version),Under The Same Sun (UTSS),"January 23, 2026","On February 1, 2022, it was reported that the dismembered remains of a 4-year-old boy with albinism (A.) were found in a forest in Cankuzo province, Burundi, after being abducted from Bujumbura.",['Burundi'],['right to life'],False
216,https://www.underthesamesun.com/wp-content/uploads/2026/01/Attacks-of-PWA-Extended-23.01.2026.pdf,RE: PERSONS WITH ALBINISM (Extended Version),Under The Same Sun (UTSS),"January 23, 2026","On October 6, 2015, a 10-year-old girl with albinism (name withheld) miraculously survived a brutal attack at her home in Busoni town, in the province of Kirundo, in Muyange-Gisozi, Northern Burundi.",['Burundi'],['right to life'],True
217,https://www.underthesamesun.com/wp-content/uploads/2026/01/Attacks-of-PWA-Extended-23.01.2026.pdf,RE: PERSONS WITH ALBINISM (Extended Version),Under The Same Sun (UTSS),"January 23, 2026","On the night of March 6, 2022, the grave of a girl with albinism was desecrated and her remains taken by unidentified perpetrators in Burundi.",['Burundi'],[],False
218,https://www.underthesamesun.com/wp-content/uploads/2026/01/Attacks-of-PWA-Extended-23.01.2026.pdf,RE: PERSONS WITH ALBINISM (Extended Version),Under The Same Sun (UTSS),"January 23, 2026","On Sunday, August 29, 2021, after multiple searches had yielded no results, F.F.'s mutilated remains were discovered in Bafoussam in the West region of Cameroon with several of the victim's organs missing.",['Cameroon'],['right to life'],False
219,https://www.underthesamesun.com/wp-content/uploads/2026/01/Attacks-of-PWA-Extended-23.01.2026.pdf,RE: PERSONS WITH ALBINISM (Extended Version),Under The Same Sun (UTSS),"January 23, 2026","In 2013, a mother and her infant with albinism began the process of seeking asylum in France as she feared for the life of her child in Cameroon, where members of her community attempted to kill the baby for ritual purposes during local elections.",['Cameroon'],['right to life'],True
220,https://www.underthesamesun.com/wp-content/uploads/2026/01/Attacks-of-PWA-Extended-23.01.2026.pdf,RE: PERSONS WITH ALBINISM (Extended Version),Under The Same Sun (UTSS),"January 23, 2026","In 1999, the body of a girl with albinism by the name B.M. (25) was stolen from the Morgue of the Hospital Jamot in Yaounde, Cameroon, for mutilation purposes.",['Cameroon'],[],True
221,https://www.underthesamesun.com/wp-content/uploads/2026/01/Attacks-of-PWA-Extended-23.01.2026.pdf,RE: PERSONS WITH ALBINISM (Extended Version),Under The Same Sun (UTSS),"January 23, 2026",Three women with albinism were killed with machetes while working deep in their fields in the forest in Congo Brazzaville and their bodies were never recovered.,['Congo'],"['right to life', 'access to justice']",False
222,https://www.underthesamesun.com/wp-content/uploads/2026/01/Attacks-of-PWA-Extended-23.01.2026.pdf,RE: PERSONS WITH ALBINISM (Extended Version),Under The Same Sun (UTSS),"January 23, 2026","On Wednesday, February 1, 2023, J.K., a 5-year-old child's mutilated body was found in Kitaho in the village of Chambombo, the territory of Kalehe in South Kivu, DR Congo.",['Democratic Republic of the Congo'],['right to life'],True
223,https://www.underthesamesun.com/wp-content/uploads/2026/01/Attacks-of-PWA-Extended-23.01.2026.pdf,RE: PERSONS WITH ALBINISM (Extended Version),Under The Same Sun (UTSS),"January 23, 2026","On September 28, 2021, in Bukavu, DR Congo, a little boy with albinism survived a kidnapping attempt from perpetrators while playing outside.",['Democratic Republic of the Congo'],['right to life'],False
224,https://www.underthesamesun.com/wp-content/uploads/2026/01/Attacks-of-PWA-Extended-23.01.2026.pdf,RE: PERSONS WITH ALBINISM (Extended Version),Under The Same Sun (UTSS),"January 23, 2026","On March 16, 2021, there was an attempt to exhume the grave of a woman with albinism, C.N.F., who had died at the age of 74 in Lubunga, DR Congo.",['Democratic Republic of the Congo'],['right to health'],False
225,https://www.underthesamesun.com/wp-content/uploads/2026/01/Attacks-of-PWA-Extended-23.01.2026.pdf,RE: PERSONS WITH ALBINISM (Extended Version),Under The Same Sun (UTSS),"January 23, 2026","In the early hours of March 25, 2019, the grave of a man with albinism by the name of G., who had died a month and a half earlier, was vandalized at his family plot in CIRIRI, South Kivu, DR Congo, and body parts stolen.",['Democratic Republic of the Congo'],[],False
226,https://www.underthesamesun.com/wp-content/uploads/2026/01/Attacks-of-PWA-Extended-23.01.2026.pdf,RE: PERSONS WITH ALBINISM (Extended Version),Under The Same Sun (UTSS),"January 23, 2026","On Friday, September 16, 2011, (name withheld), a 28-year old man with albinism from Egypt, told journalist S.B. about his life in Egypt and his newfound asylum in New Zealand, recounting being seriously maltreated with deliberate cigarette burns.",['Egypt'],"['right to health', 'right to life', 'adequate standard of living']",True
227,https://www.underthesamesun.com/wp-content/uploads/2026/01/Attacks-of-PWA-Extended-23.01.2026.pdf,RE: PERSONS WITH ALBINISM (Extended Version),Under The Same Sun (UTSS),"January 23, 2026","On Wednesday, March 2, 2022, a boy with albinism by the name of D. survived an attempted kidnapping in Gabon.",['Gabon'],['right to life'],False
228,https://www.underthesamesun.com/wp-content/uploads/2026/01/Attacks-of-PWA-Extended-23.01.2026.pdf,RE: PERSONS WITH ALBINISM (Extended Version),Under The Same Sun (UTSS),"January 23, 2026","On February 17, 2015, the lifeless body of a 35-year-old man with albinism by the name of K.Y. aka A. was found at the entrance of Pastor E.A.’s residence in Owoakra, Boketey, Ghana.",['Ghana'],['right to life'],True
229,https://www.underthesamesun.com/wp-content/uploads/2026/01/Attacks-of-PWA-Extended-23.01.2026.pdf,RE: PERSONS WITH ALBINISM (Extended Version),Under The Same Sun (UTSS),"January 23, 2026","On January 1, 2023, a 16-year-old boy with albinism from the town of Garu in the Upper East region of North Ghana survived an attempted abduction while playing football.",['Ghana'],['right to life'],False
230,https://www.underthesamesun.com/wp-content/uploads/2026/01/Attacks-of-PWA-Extended-23.01.2026.pdf,RE: PERSONS WITH ALBINISM (Extended Version),Under The Same Sun (UTSS),"January 23, 2026","On a Sunday in September of 2010, at the area of La Carrière, in the town of Matam, district of Conakry, Guinea, the body of a PWA was found with the eyes missing.","['Senegal', 'Guinea']",['right to life'],False
231,https://www.underthesamesun.com/wp-content/uploads/2026/01/Attacks-of-PWA-Extended-23.01.2026.pdf,RE: PERSONS WITH ALBINISM (Extended Version),Under The Same Sun (UTSS),"January 23, 2026","On May 17, 2017, a four-year-old girl with albinism (name withheld) narrowly escaped a ritual tragedy after being rescued from 4 men who had abducted her in the country village of Damankania, Guinea.",['Guinea'],['right to life'],True
232,https://www.underthesamesun.com/wp-content/uploads/2026/01/Attacks-of-PWA-Extended-23.01.2026.pdf,RE: PERSONS WITH ALBINISM (Extended Version),Under The Same Sun (UTSS),"January 23, 2026","A person with albinism was kidnapped at the CIV/Ghana border between Tanda (CIV) and Gunasua (Ghana) and sacrificed along the Côte d'Ivoire and Burkina Faso border on March 7th, 2024.",['Ghana'],"['right to life', 'right to health']",False
233,https://www.underthesamesun.com/wp-content/uploads/2026/01/Attacks-of-PWA-Extended-23.01.2026.pdf,RE: PERSONS WITH ALBINISM (Extended Version),Under The Same Sun (UTSS),"January 23, 2026","A 29-year-old woman with albinism (name withheld) fled her native Côte d’Ivoire on August 13, 2012, to Tunisia after narrowly escaping a second attack due to her albinism.",['Tunisia'],"['right to health', 'adequate standard of living']",False
234,https://www.underthesamesun.com/wp-content/uploads/2026/01/Attacks-of-PWA-Extended-23.01.2026.pdf,RE: PERSONS WITH ALBINISM (Extended Version),Under The Same Sun (UTSS),"January 23, 2026","On September 20, 2015, a 56-year-old man with albinism by the name of E.J. succumbed to injuries from a brutal machete attack in Vihiga County, Kenya.",['Kenya'],"['right to life', 'right to health']",True
235,https://www.underthesamesun.com/wp-content/uploads/2026/01/Attacks-of-PWA-Extended-23.01.2026.pdf,RE: PERSONS WITH ALBINISM (Extended Version),Under The Same Sun (UTSS),"January 23, 2026","On Friday, March 15, 2013, a 7-year-old boy with albinism in Embu, Kenya, managed to escape relatives who kidnapped and tried to sell him for ritual purposes.",['Kenya'],['right to life'],True
236,https://www.underthesamesun.com/wp-content/uploads/2026/01/Attacks-of-PWA-Extended-23.01.2026.pdf,RE: PERSONS WITH ALBINISM (Extended Version),Under The Same Sun (UTSS),"January 23, 2026","In October 2015, a 16-year-old girl with albinism by the name of T.T. was mutilated in what is suspected to be a case of ritual killing in Lesotho.",['Lesotho'],['right to life'],True
237,https://www.underthesamesun.com/wp-content/uploads/2026/01/Attacks-of-PWA-Extended-23.01.2026.pdf,RE: PERSONS WITH ALBINISM (Extended Version),Under The Same Sun (UTSS),"January 23, 2026","On Sunday, June 01, 2025, a 70-year-old woman with albinism from the village of Vohikely, Madagascar, was brutally attacked and decapitated by 15 armed gangsters.",['Madagascar'],['right to life'],True
238,https://www.underthesamesun.com/wp-content/uploads/2026/01/Attacks-of-PWA-Extended-23.01.2026.pdf,RE: PERSONS WITH ALBINISM (Extended Version),Under The Same Sun (UTSS),"January 23, 2026","In November 2021, a 7-year-old girl and 21-year-old man (siblings with albinism) from Amboasary, Southern Madagascar, were abducted and nearly sold.",['Madagascar'],['right to life'],False
239,https://www.underthesamesun.com/wp-content/uploads/2026/01/Attacks-of-PWA-Extended-23.01.2026.pdf,RE: PERSONS WITH ALBINISM (Extended Version),Under The Same Sun (UTSS),"January 23, 2026","A 14-year-old boy with albinism was abducted by criminals from his residence in Antanambao Variampo, Madagascar, during the weekend of the 21–22 April 2024, and subjected to violence.",['Madagascar'],['right to life'],False
240,https://www.underthesamesun.com/wp-content/uploads/2026/01/Attacks-of-PWA-Extended-23.01.2026.pdf,RE: PERSONS WITH ALBINISM (Extended Version),Under The Same Sun (UTSS),"January 23, 2026","A 10-year-old boy with albinism was abducted at midnight on Monday, January 22, 2024, in the Commune of Tsinjoarivo Imanga in Bongolava, Madagascar.",['Madagascar'],"['right to life', 'access to justice']",False
241,https://www.underthesamesun.com/wp-content/uploads/2026/01/Attacks-of-PWA-Extended-23.01.2026.pdf,RE: PERSONS WITH ALBINISM (Extended Version),Under The Same Sun (UTSS),"January 23, 2026","On March 28, 2023, P.S. reported his brother (A.N., a man with albinism) missing from home; A.N. was later found dead at the riverbank of Namithiri, Malawi, with both hands and legs amputated.",['Malawi'],['right to life'],True
242,https://www.underthesamesun.com/wp-content/uploads/2026/01/Attacks-of-PWA-Extended-23.01.2026.pdf,RE: PERSONS WITH ALBINISM (Extended Version),Under The Same Sun (UTSS),"January 23, 2026","On the night of 25 October 2025, a woman and her 6-year-old son with albinism survived an attempted break-in by four perpetrators targeting the child in Chiradzulu, Malawi.",['Malawi'],['right to life'],False
243,https://www.underthesamesun.com/wp-content/uploads/2026/01/Attacks-of-PWA-Extended-23.01.2026.pdf,RE: PERSONS WITH ALBINISM (Extended Version),Under The Same Sun (UTSS),"January 23, 2026","On 18th April 2025, a boy with albinism by the name of F.H. was abducted in Mombe Village, Mulanje district, Malawi, though later rescued.",['Malawi'],['right to life'],True
244,https://www.underthesamesun.com/wp-content/uploads/2026/01/Attacks-of-PWA-Extended-23.01.2026.pdf,RE: PERSONS WITH ALBINISM (Extended Version),Under The Same Sun (UTSS),"January 23, 2026","On 17 November 2025, a man with albinism (I.M.) went missing from Richard Village, Mulanje, Malawi, and has not returned.",['Liberia'],[],False
245,https://www.underthesamesun.com/wp-content/uploads/2026/01/Attacks-of-PWA-Extended-23.01.2026.pdf,RE: PERSONS WITH ALBINISM (Extended Version),Under The Same Sun (UTSS),"January 23, 2026","On January 13, 2026, the grave of a woman with albinism (M.Z.) who died in 2023 in Dowa district, Malawi, was heavily tampered with and her two hands removed.",['Malawi'],[],True
246,https://www.underthesamesun.com/wp-content/uploads/2026/01/Attacks-of-PWA-Extended-23.01.2026.pdf,RE: PERSONS WITH ALBINISM (Extended Version),Under The Same Sun (UTSS),"January 23, 2026","On May 13, 2018, a five-year-old girl with albinism by the name of D.D. was kidnapped from her home in Fana, Mali, and later found beheaded.",['Mali'],['right to life'],True
247,https://www.underthesamesun.com/wp-content/uploads/2026/01/Attacks-of-PWA-Extended-23.01.2026.pdf,RE: PERSONS WITH ALBINISM (Extended Version),Under The Same Sun (UTSS),"January 23, 2026","Early in August 2017, a 13-year-old boy with albinism narrowly escaped abduction in Goloninia, Bamako, Mali.",['Mali'],['right to life'],True
248,https://www.underthesamesun.com/wp-content/uploads/2026/01/Attacks-of-PWA-Extended-23.01.2026.pdf,RE: PERSONS WITH ALBINISM (Extended Version),Under The Same Sun (UTSS),"January 23, 2026","In 2006, the abduction of a baby boy with albinism occurred in Mali while sleeping outside with his mother.",['Mali'],['right to life'],False
249,https://www.underthesamesun.com/wp-content/uploads/2026/01/Attacks-of-PWA-Extended-23.01.2026.pdf,RE: PERSONS WITH ALBINISM (Extended Version),Under The Same Sun (UTSS),"January 23, 2026","On June 7, 2025, a 14-year-old child with albinism, P.A., disappeared and was found dead with her uterus and other organs removed in Macharote, Mozambique.","['Sierra Leone', 'Mozambique']","['right to life', 'right to health']",False
250,https://www.underthesamesun.com/wp-content/uploads/2026/01/Attacks-of-PWA-Extended-23.01.2026.pdf,RE: PERSONS WITH ALBINISM (Extended Version),Under The Same Sun (UTSS),"January 23, 2026","Between February 6 and 16, 2024, T.A., a Mozambican woman with albinism, was a victim of attempted trafficking from Mozambique to Zambia by her boyfriend and accomplices.","['Mozambique', 'Zambia']",['right to life'],False
251,https://www.underthesamesun.com/wp-content/uploads/2026/01/Attacks-of-PWA-Extended-23.01.2026.pdf,RE: PERSONS WITH ALBINISM (Extended Version),Under The Same Sun (UTSS),"January 23, 2026","On March 22, 2023, the grave of a deceased 49-year-old man with albinism in Mkhome, Mozambique, was vandalized and his body stolen.",['Mozambique'],[],True
252,https://www.underthesamesun.com/wp-content/uploads/2026/01/Attacks-of-PWA-Extended-23.01.2026.pdf,RE: PERSONS WITH ALBINISM (Extended Version),Under The Same Sun (UTSS),"January 23, 2026","On January 15, 2021, a nine-year-old boy with albinism by the name of R was kidnapped from his village in the Angonia District of Tete Province, Mozambique, and remains missing.",['Mozambique'],['right to life'],True
253,https://www.underthesamesun.com/wp-content/uploads/2026/01/Attacks-of-PWA-Extended-23.01.2026.pdf,RE: PERSONS WITH ALBINISM (Extended Version),Under The Same Sun (UTSS),"January 23, 2026","In June of 2010, A.S., a young man with albinism from Uukwiyuwuushona Village, Namibia, was found brutally murdered with his head, genitals, tongue, hands, and toes missing.",['Namibia'],['right to life'],True
254,https://www.underthesamesun.com/wp-content/uploads/2026/01/Attacks-of-PWA-Extended-23.01.2026.pdf,RE: PERSONS WITH ALBINISM (Extended Version),Under The Same Sun (UTSS),"January 23, 2026","On February 18, 2022, two men were arrested in Katutura, Namibia, after they approached a person with albinism asking him to sell them his living hair.",['Namibia'],['right to health'],False
255,https://www.underthesamesun.com/wp-content/uploads/2026/01/Attacks-of-PWA-Extended-23.01.2026.pdf,RE: PERSONS WITH ALBINISM (Extended Version),Under The Same Sun (UTSS),"January 23, 2026","On August 6, 2012, a young man born with albinism by the name of S.H. went missing in the ward of Dar es Salam in Niamey, Niger.","['Tanzania', 'Niger']",[],False
256,https://www.underthesamesun.com/wp-content/uploads/2026/01/Attacks-of-PWA-Extended-23.01.2026.pdf,RE: PERSONS WITH ALBINISM (Extended Version),Under The Same Sun (UTSS),"January 23, 2026","In April of 2013, a woman with albinism was found dead with some of her organs missing at Okuta, Kwara State, Nigeria.","['Uganda', 'Nigeria']","['right to life', 'right to health']",False
257,https://www.underthesamesun.com/wp-content/uploads/2026/01/Attacks-of-PWA-Extended-23.01.2026.pdf,RE: PERSONS WITH ALBINISM (Extended Version),Under The Same Sun (UTSS),"January 23, 2026","On June 24, 2023, a 29-year-old man with albinism, P.N., survived an attempted murder in Onitsha, Nigeria, when a relative tried to stab and strangle him.",['Nigeria'],['right to life'],False
258,https://www.underthesamesun.com/wp-content/uploads/2026/01/Attacks-of-PWA-Extended-23.01.2026.pdf,RE: PERSONS WITH ALBINISM (Extended Version),Under The Same Sun (UTSS),"January 23, 2026","In April 2013, a woman with albinism went missing in the Sawmill area of Ilorin, Kwara State, Nigeria.",['Nigeria'],['right to life'],False
259,https://www.underthesamesun.com/wp-content/uploads/2026/01/Attacks-of-PWA-Extended-23.01.2026.pdf,RE: PERSONS WITH ALBINISM (Extended Version),Under The Same Sun (UTSS),"January 23, 2026","On July 2, 2013, authorities in Nyamasheke, Rwanda, confirmed that the grave of N.C, a woman with albinism, was found desecrated and emptied.",['Rwanda'],[],True
260,https://www.underthesamesun.com/wp-content/uploads/2026/01/Attacks-of-PWA-Extended-23.01.2026.pdf,RE: PERSONS WITH ALBINISM (Extended Version),Under The Same Sun (UTSS),"January 23, 2026",Three unproven murders of people with albinism are alleged to have occurred in Senegal linked to the March 2012 elections.,['Senegal'],['right to life'],False
261,https://www.underthesamesun.com/wp-content/uploads/2026/01/Attacks-of-PWA-Extended-23.01.2026.pdf,RE: PERSONS WITH ALBINISM (Extended Version),Under The Same Sun (UTSS),"January 23, 2026","On September 8, 2014, an 8-year-old boy with albinism (Mohamed) was kidnapped in Thies, Senegal, but was later released when a taxi driver gave chase.",['Senegal'],['right to life'],False
262,https://www.underthesamesun.com/wp-content/uploads/2026/01/Attacks-of-PWA-Extended-23.01.2026.pdf,RE: PERSONS WITH ALBINISM (Extended Version),Under The Same Sun (UTSS),"January 23, 2026","On January 28, 2018, a 14-year-old girl with albinism by the name of G.S.S. was abducted and later found decapitated and mutilated in Mpumalanga, South Africa.",['South Africa'],['right to life'],False
263,https://www.underthesamesun.com/wp-content/uploads/2026/01/Attacks-of-PWA-Extended-23.01.2026.pdf,RE: PERSONS WITH ALBINISM (Extended Version),Under The Same Sun (UTSS),"January 23, 2026","T.M., an 8-year-old girl with albinism, was raped by a neighbor in South Africa following a dangerous myth uttered by a witch doctor.",['South Africa'],[],False
264,https://www.underthesamesun.com/wp-content/uploads/2026/01/Attacks-of-PWA-Extended-23.01.2026.pdf,RE: PERSONS WITH ALBINISM (Extended Version),Under The Same Sun (UTSS),"January 23, 2026","A 4-year-old boy with albinism, M.N., was kidnapped from Port Dunford near Richards Bay, South Africa, and remains missing.",['South Africa'],['right to life'],False
265,https://www.underthesamesun.com/wp-content/uploads/2026/01/Attacks-of-PWA-Extended-23.01.2026.pdf,RE: PERSONS WITH ALBINISM (Extended Version),Under The Same Sun (UTSS),"January 23, 2026","In May of 2016, in Nkoyoyo, Swaziland, a man with albinism by the name of S.M. was murdered by his wife, P.Z., who attempted to sell his corpse.","['Burundi', 'Swaziland', 'Liberia']",['right to life'],True
266,https://www.underthesamesun.com/wp-content/uploads/2026/01/Attacks-of-PWA-Extended-23.01.2026.pdf,RE: PERSONS WITH ALBINISM (Extended Version),Under The Same Sun (UTSS),"January 23, 2026","On November 25, 2019, a 3-year-old girl with albinism and her mother in Lubombo, Eswatini, narrowly escaped abduction when men demanded the child at their home.",['Swaziland'],['right to life'],False
267,https://www.underthesamesun.com/wp-content/uploads/2026/01/Attacks-of-PWA-Extended-23.01.2026.pdf,RE: PERSONS WITH ALBINISM (Extended Version),Under The Same Sun (UTSS),"January 23, 2026","On May 30, 2024, a 2-year-old girl with albinism by the name of A.N. in Muleba District, Tanzania, was abducted and her body later discovered with her hands, tongue, and eyes cut off.",['Tanzania'],['right to life'],False
268,https://www.underthesamesun.com/wp-content/uploads/2026/01/Attacks-of-PWA-Extended-23.01.2026.pdf,RE: PERSONS WITH ALBINISM (Extended Version),Under The Same Sun (UTSS),"January 23, 2026","E.D. (4 years old): Between June 17 and 24, 2024, in Sengerema, Tanzania, three men attempted to break into the child's home to carry out an attack.",['Tanzania'],['right to life'],True
269,https://www.underthesamesun.com/wp-content/uploads/2026/01/Attacks-of-PWA-Extended-23.01.2026.pdf,RE: PERSONS WITH ALBINISM (Extended Version),Under The Same Sun (UTSS),"January 23, 2026","On October 20, 2017, a thirty-year-old woman with albinism survived an attempted rape by Bundala Luhende in Kishapu District, Tanzania.",['Tanzania'],[],True
270,https://www.underthesamesun.com/wp-content/uploads/2026/01/Attacks-of-PWA-Extended-23.01.2026.pdf,RE: PERSONS WITH ALBINISM (Extended Version),Under The Same Sun (UTSS),"January 23, 2026","On 15 April 2025, a 1-year-and-3-month-old child with albinism from Mwanza, Tanzania, was nearly trafficked into Mozambique after being abducted.",['Tanzania'],['right to life'],False
271,https://www.underthesamesun.com/wp-content/uploads/2026/01/Attacks-of-PWA-Extended-23.01.2026.pdf,RE: PERSONS WITH ALBINISM (Extended Version),Under The Same Sun (UTSS),"January 23, 2026","On December 27, 2014, a 4-year-old girl with albinism by the name of P.E. was abducted from Ndamhi Village, Mwanza Region, Tanzania.",['Tanzania'],['right to life'],True
272,https://www.underthesamesun.com/wp-content/uploads/2026/01/Attacks-of-PWA-Extended-23.01.2026.pdf,RE: PERSONS WITH ALBINISM (Extended Version),Under The Same Sun (UTSS),"January 23, 2026","On June 21, 2025, there was an attempted exhumation of the remains of a deceased 20-year-old man with albinism, V.M., in Kilimanjaro Region, Tanzania.",['Tanzania'],[],False
273,https://www.underthesamesun.com/wp-content/uploads/2026/01/Attacks-of-PWA-Extended-23.01.2026.pdf,RE: PERSONS WITH ALBINISM (Extended Version),Under The Same Sun (UTSS),"January 23, 2026","On September 23, 2017, a 2-year-old boy with albinism by the name of N.M. went missing and was later found dead in northern Togo.",['Togo'],['right to life'],True
274,https://www.underthesamesun.com/wp-content/uploads/2026/01/Attacks-of-PWA-Extended-23.01.2026.pdf,RE: PERSONS WITH ALBINISM (Extended Version),Under The Same Sun (UTSS),"January 23, 2026","On October 7, 2016, two boys with albinism were kidnapped in the village of Bujuko in Central Uganda, but was later found alive.",['Uganda'],['right to life'],False
275,https://www.underthesamesun.com/wp-content/uploads/2026/01/Attacks-of-PWA-Extended-23.01.2026.pdf,RE: PERSONS WITH ALBINISM (Extended Version),Under The Same Sun (UTSS),"January 23, 2026","On Friday, February 22, 2025, a 25-year-old man with albinism, M.S., was lured by friends and murdered/mutilated in Nakonde District, Zambia.",['Zambia'],['right to life'],True
276,https://www.underthesamesun.com/wp-content/uploads/2026/01/Attacks-of-PWA-Extended-23.01.2026.pdf,RE: PERSONS WITH ALBINISM (Extended Version),Under The Same Sun (UTSS),"January 23, 2026","On January 8, 2026, the grave of a woman with albinism born in 1980 was cruelly exhumed and her remains stolen in Senanga District, Zambia.",['Zambia'],[],False
277,https://www.underthesamesun.com/wp-content/uploads/2026/01/Attacks-of-PWA-Extended-23.01.2026.pdf,RE: PERSONS WITH ALBINISM (Extended Version),Under The Same Sun (UTSS),"January 23, 2026","In 2011, the severely mutilated body of a 26-year-old woman with albinism was discovered in Zimbabwe with breasts and genitals removed.",['Zimbabwe'],['right to life'],False
305,https://www.icj.org/wp-content/uploads/2025/03/ICJ-OS-ID-IE-Albinism-HRC-58.pdf,Oral Statement of the International Commission of Jurists (ICJ) in the Interactive Dialogue with the Independent Expert on Albinism,"Bonface Massah, the Executive Director of Africa Albinism Network (AAN)",03/2025,"In 2024, six African countries reported ritual killings cases, including one in which a two-year-old child with albinism was murdered for her body parts.",[],['right to life'],True
306,https://www.ohchr.org/sites/default/files/documents/issues/albinism/2022-09-29/EoS_VisitMadagascar_30September2022.pdf,Official visit to the Republic of Madagascar 20 to 30 September 2022 Preliminary findings,Independent Expert on the enjoyment of human rights by persons with albinism,20 to 30 September 2022,"During my visit, local media covered the story of a student with albinism who was rejected by a private school in Talatamaty due to the school’s belief that his presence would damage their reputation.",['Madagascar'],['right to education'],True
307,https://www.ohchr.org/sites/default/files/documents/issues/albinism/2022-09-29/EoS_VisitMadagascar_30September2022.pdf,Official visit to the Republic of Madagascar 20 to 30 September 2022 Preliminary findings,Independent Expert on the enjoyment of human rights by persons with albinism,20 to 30 September 2022,A young woman with albinism who completed a law degree was given employment but at a salary lower than her peers of the same position. She was bullied at work and was told that her presence was a liability for the company.,['Madagascar'],['right to work'],True
308,https://www.ohchr.org/sites/default/files/documents/issues/albinism/2022-09-29/EoS_VisitMadagascar_30September2022.pdf,Official visit to the Republic of Madagascar 20 to 30 September 2022 Preliminary findings,Independent Expert on the enjoyment of human rights by persons with albinism,20 to 30 September 2022,The recent violence in Ikongo where a child with albinism was abducted and killed leading to members of the community confronting the local gendarmerie has been widely reported locally and internationally.,['Madagascar'],['right to life'],False
309,https://www.ohchr.org/sites/default/files/documents/issues/albinism/2022-09-29/EoS_VisitMadagascar_30September2022.pdf,Official visit to the Republic of Madagascar 20 to 30 September 2022 Preliminary findings,Independent Expert on the enjoyment of human rights by persons with albinism,20 to 30 September 2022,I met a single mother of a young girl with albinism who had to design a desk for her child out of her own costs to enable her child to better see the blackboard.,['Madagascar'],[],True
310,https://www.unicef.org/stories/democratic-republic-congo-protecting-and-empowering-albino-children-schools,"In the Democratic Republic of Congo, protecting and empowering children with albinism in schools",Mehdi Meddeb,26 September 2016,"Michel, a 35-year-old lawyer and financial affairs expert, was raised in a supportive, middle-class family. But he has faced discrimination his entire life because he has albinism.",['Congo'],['adequate standard of living'],True
311,https://www.chr.up.ac.za/news-archive/2018/485-pan-african-parliament-takes-a-strong-stance-on-violence-against-persons-with-albinism-in-africa,Pan African Parliament takes a strong stance on violence against persons with albinism in Africa - Centre for Human Rights,Khumalo Simphiwe,22/05/2018,"The young girl, Djeneba Diarra was reported to have been sleeping in the courtyard with her mother and her sister who also has albinism when a group of armed men snapped her in the early hours of Sunday on 13 May. Her body was later found beheaded next to the village Mosque by community members.",[],['right to life'],False
312,https://www.africanews.com/2021/11/21/congo-brazzaville-clinic-helps-embattled-albino-minority/,Congo: Brazzaville clinic helps embattled albino minority,,13/08/2024,"""I'm loved in my family, but in my area there are other people who don't like me at all,"" Balounga told AFP, adding that some people still seek to provoke albinos on the street.",['Republic of Congo'],[],False
313,https://news.abidjan.net/articles/411536/interview-coulibaly-mamidou-lalbinos-denonce-nous-sommes-en-danger-en-periodes-electorales,"Interview / Coulibaly Mamidou, l’albinos, dénonce : ‘’Nous sommes en danger en périodes électorales‘’ - Abidjan.net News",R. Dibi,24/09/2011,"Par exemple, aux Deux-Plateaux, il y avait un albinos qui, de façon volontaire, a décidé de régler la circulation afin de pallier les problèmes de non fonctionnement des feux tricolores. Malheureusement, il a été retrouvé un jour assassiné et son sexe a été enlevé.","[""Côte d'Ivoire""]",['right to life'],False
314,https://news.abidjan.net/articles/411536/interview-coulibaly-mamidou-lalbinos-denonce-nous-sommes-en-danger-en-periodes-electorales,"Interview / Coulibaly Mamidou, l’albinos, dénonce : ‘’Nous sommes en danger en périodes électorales‘’ - Abidjan.net News",R. Dibi,24/09/2011,"Aussi, à l’intérieur du pays, vers Guitry précisément, le même cas c’est produit pour un enfant albinos.","[""Côte d'Ivoire""]",['right to health'],False
315,https://news.abidjan.net/articles/411536/interview-coulibaly-mamidou-lalbinos-denonce-nous-sommes-en-danger-en-periodes-electorales,"Interview / Coulibaly Mamidou, l’albinos, dénonce : ‘’Nous sommes en danger en périodes électorales‘’ - Abidjan.net News",R. Dibi,24/09/2011,"Egalement à Duékoué, pendant la période électorale, un albinos a été enlevé, assassiné et dépossédé de sa langue.","[""Côte d'Ivoire""]",[],False
316,https://www.underthesamesun.com/wp-content/uploads/2026/01/13-Attacks-of-PWA-2-page_01.23.2026.pdf,Reported Attacks of Persons with Albinism (PWA) – 2 Page Summary,UTSS,"January 23, 2026","Benin, 18 reports: 5 killings / 5 survivors / 7 missing / 1 exhumation – Most recent March 23, 2019",['Benin'],['right to life'],False
317,https://www.underthesamesun.com/wp-content/uploads/2026/01/13-Attacks-of-PWA-2-page_01.23.2026.pdf,Reported Attacks of Persons with Albinism (PWA) – 2 Page Summary,UTSS,"January 23, 2026","Botswana, 4 reports: 1 killing / 3 survivors – Most recent, May 24, 2023",['Botswana'],[],False
318,https://www.underthesamesun.com/wp-content/uploads/2026/01/13-Attacks-of-PWA-2-page_01.23.2026.pdf,Reported Attacks of Persons with Albinism (PWA) – 2 Page Summary,UTSS,"January 23, 2026","Burkina Faso, 9 reports: 2 killings / 6 survivors / 1 asylum - Most recent, Aug 14, 2012",['Burkina Faso'],['right to life'],False
319,https://www.underthesamesun.com/wp-content/uploads/2026/01/13-Attacks-of-PWA-2-page_01.23.2026.pdf,Reported Attacks of Persons with Albinism (PWA) – 2 Page Summary,UTSS,"January 23, 2026","Burundi, 41 reports: 23 killings / 13 survivors / 5 exhumations - Most recent, March 06, 2022",['Burundi'],['right to life'],False
320,https://www.underthesamesun.com/wp-content/uploads/2026/01/13-Attacks-of-PWA-2-page_01.23.2026.pdf,Reported Attacks of Persons with Albinism (PWA) – 2 Page Summary,UTSS,"January 23, 2026","Cameroon, 12 reports: 3 killings, 2 survivors, 6 asylums, 1 exhumation - Most recent, August 29, 2021",['Cameroon'],['right to life'],False
321,https://www.underthesamesun.com/wp-content/uploads/2026/01/13-Attacks-of-PWA-2-page_01.23.2026.pdf,Reported Attacks of Persons with Albinism (PWA) – 2 Page Summary,UTSS,"January 23, 2026","Congo Brazzaville, 7 reports: 7 killings – Most recent, Oct 5, 2017",['Congo'],['right to life'],False
322,https://www.underthesamesun.com/wp-content/uploads/2026/01/13-Attacks-of-PWA-2-page_01.23.2026.pdf,Reported Attacks of Persons with Albinism (PWA) – 2 Page Summary,UTSS,"January 23, 2026","Democratic Republic of Congo (DRC), 74 reports: 18 killings / 37 survivors / 1 missing / 11 exhumations / 7 asylums - Most recent, Feb 1, 2023",['Zambia'],['right to life'],False
323,https://www.underthesamesun.com/wp-content/uploads/2026/01/13-Attacks-of-PWA-2-page_01.23.2026.pdf,Reported Attacks of Persons with Albinism (PWA) – 2 Page Summary,UTSS,"January 23, 2026","Egypt, 1 report: 1 asylum – Nov 25, 2011",['Egypt'],[],False
324,https://www.underthesamesun.com/wp-content/uploads/2026/01/13-Attacks-of-PWA-2-page_01.23.2026.pdf,Reported Attacks of Persons with Albinism (PWA) – 2 Page Summary,UTSS,"January 23, 2026","Gabon, 2 reports: 2 survivors – Most recent, March 02, 2022",['Gabon'],[],False
325,https://www.underthesamesun.com/wp-content/uploads/2026/01/13-Attacks-of-PWA-2-page_01.23.2026.pdf,Reported Attacks of Persons with Albinism (PWA) – 2 Page Summary,UTSS,"January 23, 2026","Ghana, 4 reports: 1 killing / 3 survivors – Most recent, Jan 1, 2023",['Ghana'],[],False
326,https://www.underthesamesun.com/wp-content/uploads/2026/01/13-Attacks-of-PWA-2-page_01.23.2026.pdf,Reported Attacks of Persons with Albinism (PWA) – 2 Page Summary,UTSS,"January 23, 2026","Guinea, 16 reports: 5 killings / 6 survivors / 5 asylums - Most recent, Sept 20, 2018",['Guinea'],['right to life'],False
327,https://www.underthesamesun.com/wp-content/uploads/2026/01/13-Attacks-of-PWA-2-page_01.23.2026.pdf,Reported Attacks of Persons with Albinism (PWA) – 2 Page Summary,UTSS,"January 23, 2026","Ivory Coast, 31 reports: 10 killings / 13 survivors / 4 missing / 2 asylums / 2 abandoned - Most recent, March 07, 2024","[""Côte d'Ivoire""]",['right to life'],False
328,https://www.underthesamesun.com/wp-content/uploads/2026/01/13-Attacks-of-PWA-2-page_01.23.2026.pdf,Reported Attacks of Persons with Albinism (PWA) – 2 Page Summary,UTSS,"January 23, 2026","Kenya, 13 reports: 5 killings / 8 survivors - Most recent, Sept 20, 2015",['Kenya'],['right to life'],False
329,https://www.underthesamesun.com/wp-content/uploads/2026/01/13-Attacks-of-PWA-2-page_01.23.2026.pdf,Reported Attacks of Persons with Albinism (PWA) – 2 Page Summary,UTSS,"January 23, 2026","Lesotho, 1 report: 1 killing – Oct 2015",['Lesotho'],['right to life'],False
330,https://www.underthesamesun.com/wp-content/uploads/2026/01/13-Attacks-of-PWA-2-page_01.23.2026.pdf,Reported Attacks of Persons with Albinism (PWA) – 2 Page Summary,UTSS,"January 23, 2026","Madagascar, 41 reports: 12 killings / 6 survivors/ 15 abductions/ 8 Missing - Most recent, June 01, 2025",['Madagascar'],['right to life'],False
331,https://www.underthesamesun.com/wp-content/uploads/2026/01/13-Attacks-of-PWA-2-page_01.23.2026.pdf,Reported Attacks of Persons with Albinism (PWA) – 2 Page Summary,UTSS,"January 23, 2026","Malawi, 168 reports: 25 killings / 54 survivors / 32 abductions / 10 missing / 47 exhumations – Most recent, January 13, 2026",['Malawi'],['right to life'],False
332,https://www.underthesamesun.com/wp-content/uploads/2026/01/13-Attacks-of-PWA-2-page_01.23.2026.pdf,Reported Attacks of Persons with Albinism (PWA) – 2 Page Summary,UTSS,"January 23, 2026","Mali, 20 reports: 8 killings / 3 survivors / 2 missing / 7 asylums - Most recent, April 22, 2022",['Mali'],['right to life'],False
333,https://www.underthesamesun.com/wp-content/uploads/2026/01/13-Attacks-of-PWA-2-page_01.23.2026.pdf,Reported Attacks of Persons with Albinism (PWA) – 2 Page Summary,UTSS,"January 23, 2026","Mozambique, 61 reports: 22 killings, 18 survivors, 6 exhumations, 15 missing – Most recent, June 7, 2025",['Mozambique'],['right to life'],False
334,https://www.underthesamesun.com/wp-content/uploads/2026/01/13-Attacks-of-PWA-2-page_01.23.2026.pdf,Reported Attacks of Persons with Albinism (PWA) – 2 Page Summary,UTSS,"January 23, 2026","Namibia, 5 reports: 2 killings / 3 survivors - Most recent, Feb 18, 2022",['Namibia'],['right to life'],False
335,https://www.underthesamesun.com/wp-content/uploads/2026/01/13-Attacks-of-PWA-2-page_01.23.2026.pdf,Reported Attacks of Persons with Albinism (PWA) – 2 Page Summary,UTSS,"January 23, 2026","Niger, 1 report: 1 missing – Aug 6, 2012",['Niger'],[],False
336,https://www.underthesamesun.com/wp-content/uploads/2026/01/13-Attacks-of-PWA-2-page_01.23.2026.pdf,Reported Attacks of Persons with Albinism (PWA) – 2 Page Summary,UTSS,"January 23, 2026","Nigeria, 14 reports: 5 killings / 3 survivors / 1 missing / 5 asylums - Most recent, June 24, 2023",['Nigeria'],['right to life'],False
337,https://www.underthesamesun.com/wp-content/uploads/2026/01/13-Attacks-of-PWA-2-page_01.23.2026.pdf,Reported Attacks of Persons with Albinism (PWA) – 2 Page Summary,UTSS,"January 23, 2026","Rwanda, 1 report: 1 exhumation – July 2, 2013",['Rwanda'],[],False
338,https://www.underthesamesun.com/wp-content/uploads/2026/01/13-Attacks-of-PWA-2-page_01.23.2026.pdf,Reported Attacks of Persons with Albinism (PWA) – 2 Page Summary,UTSS,"January 23, 2026","Senegal, 9 reports: 3 alleged killings / 4 survivors / 2 asylum - Most recent, June 17, 2015",['Senegal'],['right to life'],False
339,https://www.underthesamesun.com/wp-content/uploads/2026/01/13-Attacks-of-PWA-2-page_01.23.2026.pdf,Reported Attacks of Persons with Albinism (PWA) – 2 Page Summary,UTSS,"January 23, 2026","South Africa, 10 reports: 4 killings / 3 survivors / 2 missing / 1 exhumation - Most recent, June 16, 2023",['South Africa'],['right to life'],False
340,https://www.underthesamesun.com/wp-content/uploads/2026/01/13-Attacks-of-PWA-2-page_01.23.2026.pdf,Reported Attacks of Persons with Albinism (PWA) – 2 Page Summary,UTSS,"January 23, 2026","Swaziland / Eswatini, 12 reports: 4 killings / 8 survivors - Most recent, Nov 25, 2019",['Eswatini'],['right to life'],False
341,https://www.underthesamesun.com/wp-content/uploads/2026/01/13-Attacks-of-PWA-2-page_01.23.2026.pdf,Reported Attacks of Persons with Albinism (PWA) – 2 Page Summary,UTSS,"January 23, 2026","Tanzania, 214 reports: 79 killings / 102 survivors / 1 abduction / 1 missing / 27 exhumations / 4 asylums - Most recent, April 15, 2025",['Tanzania'],['right to life'],False
342,https://www.underthesamesun.com/wp-content/uploads/2026/01/13-Attacks-of-PWA-2-page_01.23.2026.pdf,Reported Attacks of Persons with Albinism (PWA) – 2 Page Summary,UTSS,"January 23, 2026","Togo, 1 report: 1 killing - Sept 23, 2017",['Togo'],['right to life'],False
343,https://www.underthesamesun.com/wp-content/uploads/2026/01/13-Attacks-of-PWA-2-page_01.23.2026.pdf,Reported Attacks of Persons with Albinism (PWA) – 2 Page Summary,UTSS,"January 23, 2026","Uganda, 9 reports: 8 survivors / 1 asylum – Most recent, Dec 12, 2020",['Uganda'],[],False
344,https://www.underthesamesun.com/wp-content/uploads/2026/01/13-Attacks-of-PWA-2-page_01.23.2026.pdf,Reported Attacks of Persons with Albinism (PWA) – 2 Page Summary,UTSS,"January 23, 2026","Zambia, 38 reports: 11 killings / 20 survivors / 7 exhumations – Most recent, Jan 08, 2026",['Zambia'],['right to life'],False
345,https://www.underthesamesun.com/wp-content/uploads/2026/01/13-Attacks-of-PWA-2-page_01.23.2026.pdf,Reported Attacks of Persons with Albinism (PWA) – 2 Page Summary,UTSS,"January 23, 2026","Zimbabwe, 2 reports: 1 killing / 1 asylum - Most recent, Nov 29, 2012",['Zimbabwe'],['right to life'],False
424,https://ghalii.org/akn/aa-au/judgment/afchpr/2025/4/eng@2025-02-05,Centre for Human Rights and Others v United Republic of Tanzania (Application No. 019/2018) [2025] AfCHPR 4 (5 February 2025),African Court on Human and Peoples Rights,5 February 2025,"State violated multiple Charter rights of persons with albinism by failing to prevent, investigate and remedy attacks, discrimination and trafficking.",['Tanzania'],[],False
425,https://tbinternet.ohchr.org/_layouts/15/TreatyBodyExternal/DownloadDraft.aspx?key=QvigQswY9Z0a34fj70Ec7rz4h0gWKqoG1%2FPIJTxMcInsricWctBKNL8%2FW+i6Lzdu,Egypt: Consideration of State Report - Persons with Disabilities in Detention,Committee for Justice (CFJ),January 2025,"Relying on a prosthetic limb for mobility, he was arrested on May 20, 2019, and subjected to enforced disappearance for 75 days.",['Egypt'],"['right to life', 'access to justice']",False
426,https://tbinternet.ohchr.org/_layouts/15/TreatyBodyExternal/DownloadDraft.aspx?key=QvigQswY9Z0a34fj70Ec7rz4h0gWKqoG1%2FPIJTxMcInsricWctBKNL8%2FW+i6Lzdu,Egypt: Consideration of State Report - Persons with Disabilities in Detention,Committee for Justice (CFJ),January 2025,"During this period, Mr. Hashad endured severe physical and psychological torture, including electrocution and beatings.",['Egypt'],['right to life'],False
427,https://tbinternet.ohchr.org/_layouts/15/TreatyBodyExternal/DownloadDraft.aspx?key=QvigQswY9Z0a34fj70Ec7rz4h0gWKqoG1%2FPIJTxMcInsricWctBKNL8%2FW+i6Lzdu,Egypt: Consideration of State Report - Persons with Disabilities in Detention,Committee for Justice (CFJ),January 2025,"The case of Mr. Oqba Alaa Labib Hashad illustrates this gap, as he was deprived of his prosthetic limb for prolonged periods, causing severe physical and psychological suffering [3].",['Egypt'],"['right to health', 'adequate standard of living']",False
428,https://www.hrw.org/news/2025/04/17/ensuring-essential-sun-protection-persons-albinism,Ensuring Essential Sun Protection for Persons with Albinism,Samer Muscati,17/04/2025,"Luisinho, a 26-year-old man with albinism whom I interviewed in Mozambique, faced a heartbreaking choice: either continue working outdoors under life-threatening sun exposure or quit his job selling second-hand clothes, thereby pushing himself and his family deeper into poverty.",['Mozambique'],"['adequate standard of living', 'right to health']",False
429,https://www.hrw.org/news/2025/04/17/ensuring-essential-sun-protection-persons-albinism,Ensuring Essential Sun Protection for Persons with Albinism,Samer Muscati,17/04/2025,"In Mozambique, eight-year-old Josina’s most-desired gift was sunscreen: a basic necessity for her health that remains out of reach for many.",['Mozambique'],['adequate standard of living'],True
499,https://documents.un.org/doc/undoc/gen/n23/205/22/pdf/n2320522.pdf,Enjoyment of human rights by persons with albinism,Muluka-Anne Miti-Drummond,13 July 2023,"The Expert has previously highlighted, in conjunction with the Special Rapporteur on the rights of persons with disabilities and the Special Rapporteur on extrajudicial, summary or arbitrary executions, the fact that cyclones and drought in Madagascar are fuelling attacks on persons with albinism owing to dangerous mythical beliefs that rituals involving their body parts will bring good fortune.",['Madagascar'],['right to life'],False
500,https://documents.un.org/doc/undoc/gen/n23/205/22/pdf/n2320522.pdf,Enjoyment of human rights by persons with albinism,Muluka-Anne Miti-Drummond,13 July 2023,"Attacks on persons with albinism, who are blamed for famine and drought, have also been identified in the United Republic of Tanzania.",['Tanzania'],"['right to life', 'right to health']",False
501,https://documents.un.org/doc/undoc/gen/n23/205/22/pdf/n2320522.pdf,Enjoyment of human rights by persons with albinism,Muluka-Anne Miti-Drummond,13 July 2023,"In addition, according to information received by the Expert, persons with albinism are not allowed in some communities, in Ghana, because their presence is thought to stop the rain from falling.",['Ghana'],[],False
502,https://documents.un.org/doc/undoc/gen/n23/205/22/pdf/n2320522.pdf,Enjoyment of human rights by persons with albinism,Muluka-Anne Miti-Drummond,13 July 2023,"Thus, if a child with albinism is born in such a community, he or she may be killed to ensure that the rainfall is not impeded.",[],['right to life'],False
503,https://documents.un.org/doc/undoc/gen/n23/205/22/pdf/n2320522.pdf,Enjoyment of human rights by persons with albinism,Muluka-Anne Miti-Drummond,13 July 2023,"The Expert also received information that, in Mozambique, an organization working on issues concerning persons with albinism visited resettlement centres for the victims of Cyclones Eloise and Idai. It identified cases in which children and adolescents with albinism were being housed in humanitarian tents that were not appropriate for their condition owing to the heat accumulating inside, causing discomfort and skin damage.",['Mozambique'],"['right to health', 'adequate standard of living']",False
504,https://documents.un.org/doc/undoc/gen/n23/205/22/pdf/n2320522.pdf,Enjoyment of human rights by persons with albinism,Muluka-Anne Miti-Drummond,13 July 2023,"There have been cases of offences having been committed against persons with albinism, including killings, mutilations, rapes, grave robberies and trafficking in persons and body parts.",[],['right to life'],False
505,https://africaalbinismnetwork.org/wp-content/uploads/2026/03/Stakeholder-Report-on-Persons-with-Albinism-in-Eswatini.pdf,SITUATION OF PERSONS WITH ALBINISM IN ESWATINI Joint Submission to the Universal Periodic Review,"Africa Albinism Network (AAN), Swaziland Association of Persons with Albinism, Stukie Motsa Foundation",18th March 2026,"For example, in Eswatini, a qualified lawyer with albinism was denied employment at the Ministry of Labour because recruiters refused to believe she could have attained the necessary academic credentials.",['Eswatini'],['right to work'],False
506,https://www.eswatiniobserver.com/7-children-with-albinism-face-discrimination/,7 children with albinism face discrimination,Musa Simelane,"Friday, July 24, 2026",One of the sons of Thembi and Sikelela was turned down by a construction company solely because of his albinism.,['South Africa'],['right to work'],False
507,https://bettercarenetwork.org/sites/default/files/2024-08/a_79_175-en_1.pdf,"Report of the Independent Expert on the enjoyment of human rights by persons with albinism, Muluka-Anne Miti-Drummond",Muluka-Anne Miti-Drummond,18 July 2024,"The shelters were described by the African Committee of Experts on the Rights and Welfare of the Child as being more like a “detention facility than a safe house” and as violating many of the children’s rights including health, family life, education, adequate food, nutrition, accommodation, water and sanitation.",[],"['right to health', 'adequate standard of living']",False
508,https://bettercarenetwork.org/sites/default/files/2024-08/a_79_175-en_1.pdf,"Report of the Independent Expert on the enjoyment of human rights by persons with albinism, Muluka-Anne Miti-Drummond",Muluka-Anne Miti-Drummond,18 July 2024,"In Malawi, owing to a rise in threats and attacks, linked with poverty and harmful practices related to witchcraft, many mothers moved their children with albinism to live with relatives in safer areas or in boarding schools.",['Malawi'],[],False
509,https://bettercarenetwork.org/sites/default/files/2024-08/a_79_175-en_1.pdf,"Report of the Independent Expert on the enjoyment of human rights by persons with albinism, Muluka-Anne Miti-Drummond",Muluka-Anne Miti-Drummond,18 July 2024,"More recently, in Madagascar, owing to a rise in attacks, children with albinism have been placed by their families or the police in boarding schools for the visually impaired, inclusive boarding schools and police stations (gendarmerie) for their protection.",['Madagascar'],[],False
510,https://bettercarenetwork.org/sites/default/files/2024-08/a_79_175-en_1.pdf,"Report of the Independent Expert on the enjoyment of human rights by persons with albinism, Muluka-Anne Miti-Drummond",Muluka-Anne Miti-Drummond,18 July 2024,"In South Africa, where ritual attacks are rarely reported, children with albinism still experience discrimination, lack of reasonable accommodations in community schools and limited access to, or unaffordability of health services, resulting in some families sending them to specialist boarding schools.",['South Africa'],['adequate standard of living'],False
511,https://bettercarenetwork.org/sites/default/files/2024-08/a_79_175-en_1.pdf,"Report of the Independent Expert on the enjoyment of human rights by persons with albinism, Muluka-Anne Miti-Drummond",Muluka-Anne Miti-Drummond,18 July 2024,This is demonstrated in the decision taken by the Committee on the Rights of Persons with Disabilities in Z v. Tanzania.,['Tanzania'],[],False
512,https://bettercarenetwork.org/sites/default/files/2024-08/a_79_175-en_1.pdf,"Report of the Independent Expert on the enjoyment of human rights by persons with albinism, Muluka-Anne Miti-Drummond",Muluka-Anne Miti-Drummond,18 July 2024,"Agence France-Presse, “Mozambique authorities arrest father allegedly planning to sell children with albinism”, News 24, 25 July 2022.",['Mozambique'],"['right to health', 'right to life']",False
513,https://repository.gchumanrights.org/bitstreams/d2af9595-90ac-4d7f-887f-37c9b6bcef7f/download,"Demystifying Albinism: An analysis of legal, social, and cultural practices in the Lake Victoria Region",Giorgio Caviglia,2011 - 2012,"Gasper Elikana
Hunted like elephants for ivory tusks gorillas poached for heads and hands
who benefits from feeding this ignorance? Entrenched in superstitions and myths
a hereditary condition becomes a magical creature, beheaded. Ten year old boy or not,
sun blistered. Nearly blind… One leg hacked off awake. Heart pumping fear. Such 
violence. Such agony. Alive.
Do you hear me? Hacked alive. Bleeding out…With no way but to stand out
An albino in Tanzania dismembered…Worth $75,000.",['Tanzania'],['right to life'],False
514,https://repository.gchumanrights.org/bitstreams/d2af9595-90ac-4d7f-887f-37c9b6bcef7f/download,"Demystifying Albinism: An analysis of legal, social, and cultural practices in the Lake Victoria Region",Giorgio Caviglia,2011 - 2012,"Rosemary Mathayo (a 16 years girl), Pracseda Mathayo (14) and Focus Mathayo (4 years boy) were 3 PWA children from the same family who were poisoned and died on the same day in Kagera Region in 2000.",['Tanzania'],"['right to life', 'right to health']",False
515,https://repository.gchumanrights.org/bitstreams/d2af9595-90ac-4d7f-887f-37c9b6bcef7f/download,"Demystifying Albinism: An analysis of legal, social, and cultural practices in the Lake Victoria Region",Giorgio Caviglia,2011 - 2012,"One of the last attack in Tanzania was on October 21, 2011 Kulwa, 15 years old; she was attacked at home in Mbizi Village, Mega Ward, Msalala Division in Kahama District, Shinyanga Region.","['Tanzania', 'Mozambique', 'South Africa', 'Côte d’Ivoire']",['right to life'],False
516,https://repository.gchumanrights.org/bitstreams/d2af9595-90ac-4d7f-887f-37c9b6bcef7f/download,"Demystifying Albinism: An analysis of legal, social, and cultural practices in the Lake Victoria Region",Giorgio Caviglia,2011 - 2012,"Between 12:30 and 1:00 AM, a 14-year-old girl with albinism by the name of Chantal Ngendakumana was murdered in Bujumbura Rural, Kabezi Ward in Burundi.",['Burundi'],['right to life'],False
517,https://repository.gchumanrights.org/bitstreams/d2af9595-90ac-4d7f-887f-37c9b6bcef7f/download,"Demystifying Albinism: An analysis of legal, social, and cultural practices in the Lake Victoria Region",Giorgio Caviglia,2011 - 2012,A 3-week-old baby boy with albinism was killed by his mother because the father was threatening divorce saying that the baby was a ghost and not his offspring.,[],['right to life'],True
518,https://repository.gchumanrights.org/bitstreams/d2af9595-90ac-4d7f-887f-37c9b6bcef7f/download,"Demystifying Albinism: An analysis of legal, social, and cultural practices in the Lake Victoria Region",Giorgio Caviglia,2011 - 2012,"On August 16, 2011 The Standard, a Nairobi newspaper, reported a near death case where the father of a daughter with albinism was being charged with human trafficking.",['Kenya'],['right to life'],False
519,https://repository.gchumanrights.org/bitstreams/d2af9595-90ac-4d7f-887f-37c9b6bcef7f/download,"Demystifying Albinism: An analysis of legal, social, and cultural practices in the Lake Victoria Region",Giorgio Caviglia,2011 - 2012,Tragedy struck in Angyo village in Buruku LGA of Benue State recently when a mother of three children allegedly beheaded her last child for being an albino.,['Nigeria'],['right to life'],True
520,https://repository.gchumanrights.org/bitstreams/d2af9595-90ac-4d7f-887f-37c9b6bcef7f/download,"Demystifying Albinism: An analysis of legal, social, and cultural practices in the Lake Victoria Region",Giorgio Caviglia,2011 - 2012,"On October 10, 1999, a 1 and half year old boy was killed. While being breast fed, Chukwudinma Amamife was stolen from the arms of his mother by 2 men.",[],['right to life'],True
521,https://repository.gchumanrights.org/bitstreams/d2af9595-90ac-4d7f-887f-37c9b6bcef7f/download,"Demystifying Albinism: An analysis of legal, social, and cultural practices in the Lake Victoria Region",Giorgio Caviglia,2011 - 2012,"Since May 1, 2011 PWA youth (14), Sibusiso Nhatave has been missing.",[],['right to life'],True
522,https://repository.gchumanrights.org/bitstreams/d2af9595-90ac-4d7f-887f-37c9b6bcef7f/download,"Demystifying Albinism: An analysis of legal, social, and cultural practices in the Lake Victoria Region",Giorgio Caviglia,2011 - 2012,Mr. Sithole belonged to the Assemblies of God Church. He was killed and then burnt on his way to church in Kwaggafontein Village.,['South Africa'],['right to life'],True
523,https://repository.gchumanrights.org/bitstreams/d2af9595-90ac-4d7f-887f-37c9b6bcef7f/download,"Demystifying Albinism: An analysis of legal, social, and cultural practices in the Lake Victoria Region",Giorgio Caviglia,2011 - 2012,"In December of 2011 a 5-year-old girl with albinism was killed in Lusaka, Zambia.",['Zambia'],['right to life'],False
524,https://repository.gchumanrights.org/bitstreams/d2af9595-90ac-4d7f-887f-37c9b6bcef7f/download,"Demystifying Albinism: An analysis of legal, social, and cultural practices in the Lake Victoria Region",Giorgio Caviglia,2011 - 2012,The most recent attempted killing took place in April 2011. 32- year-old Dalton Muntfungaye Vila Kati had been stationed as a security guard at the Arrow Feeds office in Mustapha.,[],['right to life'],True
525,https://repository.gchumanrights.org/bitstreams/d2af9595-90ac-4d7f-887f-37c9b6bcef7f/download,"Demystifying Albinism: An analysis of legal, social, and cultural practices in the Lake Victoria Region",Giorgio Caviglia,2011 - 2012,"In November of 2008, a man was arrested in DRC. The man was caught carrying the head of a girl with albinism.",['Democratic Republic of the Congo'],['right to life'],True
526,https://repository.gchumanrights.org/bitstreams/d2af9595-90ac-4d7f-887f-37c9b6bcef7f/download,"Demystifying Albinism: An analysis of legal, social, and cultural practices in the Lake Victoria Region",Giorgio Caviglia,2011 - 2012,"Two 11-year-old children were killed in August of 2010, with the most recent killing taking place Thursday, August 19, 2010.",[],['right to life'],True
529,https://www.albinismalliance.org/news/living-with-albinism-in-gabon-stephanie-ntsame-ngoua,Living with albinism in Gabon: Dr. Stéphanie Ntsame Ngoua’s testimony and advocacy,,"December 17, 2025","Some people felt that because I didn’t look like my parents, I should be hidden away or rejected.",['Gabon'],[],False
530,https://www.albinismalliance.org/news/living-with-albinism-in-gabon-stephanie-ntsame-ngoua,Living with albinism in Gabon: Dr. Stéphanie Ntsame Ngoua’s testimony and advocacy,,"December 17, 2025","In primary school, there was a lot of verbal and physical violence.",['Gabon'],[],False
531,https://www.albinismalliance.org/news/living-with-albinism-in-gabon-stephanie-ntsame-ngoua,Living with albinism in Gabon: Dr. Stéphanie Ntsame Ngoua’s testimony and advocacy,,"December 17, 2025","Because of that, some teachers also treated me badly—punishing me to “solve the problem.”",['Gabon'],[],False
532,https://africaalbinismnetwork.org/blog/a-journey-for-justice-advancing-inclusive-reparations-for-persons-with-albinism-at-the-african-commission-in-banjul/,A Journey for Justice: Advancing Inclusive Reparations for Persons with Albinism at the African Commission in Banjul,Africa Albinism Network,"November 27, 2025","In a compelling statement delivered during the 85th Ordinary Session, we presented the story of two-and-a-half-year-old Asimwe Novath, murdered in Tanzania in 2024, one of the many children whose lives have been stolen through targeted attacks rooted in harmful beliefs.",['Tanzania'],['right to life'],False
533,https://africaalbinismnetwork.org/blog/a-journey-for-justice-advancing-inclusive-reparations-for-persons-with-albinism-at-the-african-commission-in-banjul/,A Journey for Justice: Advancing Inclusive Reparations for Persons with Albinism at the African Commission in Banjul,Africa Albinism Network,"November 27, 2025","She spoke movingly about having to switch schools, and at times be home-schooled, due to discrimination from both peers and teachers.",['The Gambia'],['right to education'],False
534,https://africaalbinismnetwork.org/wp-content/uploads/2024/07/Alternative-Report-on-PWAs-in-Ghana-to-the-CRPD-by-AAN.pdf,Alternative Report on the Human Rights situations of Persons with albinism in Ghana to the Committee on the Rights of Persons with Disabilities (CRPD Committee),Africa Albinism Network (AAN),17 th July 2024,"The most recent attack resulting in death occurred on February 17, 2015, when the deceased body of Kofi Yeboah, a person with albinism, was found in Amanase-Boketey near Suhum in the Eastern Region.",['Ghana'],['right to life'],True
535,https://africaalbinismnetwork.org/wp-content/uploads/2024/07/Alternative-Report-on-PWAs-in-Ghana-to-the-CRPD-by-AAN.pdf,Alternative Report on the Human Rights situations of Persons with albinism in Ghana to the Committee on the Rights of Persons with Disabilities (CRPD Committee),Africa Albinism Network (AAN),17 th July 2024,"On January 1, 2023, an attempted abduction of a 16-year-old boy with albinism was reported in Garu, Upper East Region.",['Ghana'],['right to life'],True
536,https://africaalbinismnetwork.org/wp-content/uploads/2024/07/Alternative-Report-on-PWAs-in-Ghana-to-the-CRPD-by-AAN.pdf,Alternative Report on the Human Rights situations of Persons with albinism in Ghana to the Committee on the Rights of Persons with Disabilities (CRPD Committee),Africa Albinism Network (AAN),17 th July 2024,"When I was born, my father rejected me. My mother told me that he gave me poison to drink, but I vomited it out and survived. I was then forced to serve a fetish priest, whom I had to accompany and serve anytime they were in a trance.",['Ghana'],['right to life'],False
537,https://africaalbinismnetwork.org/wp-content/uploads/2024/07/Alternative-Report-on-PWAs-in-Ghana-to-the-CRPD-by-AAN.pdf,Alternative Report on the Human Rights situations of Persons with albinism in Ghana to the Committee on the Rights of Persons with Disabilities (CRPD Committee),Africa Albinism Network (AAN),17 th July 2024,One participant shared a harrowing story of how she had two stillbirths because of the refusal by nurses to attend to her when she was in labour.,['Ghana'],"['right to health', 'right to life']",False
538,https://africaalbinismnetwork.org/wp-content/uploads/2024/07/Alternative-Report-on-PWAs-in-Ghana-to-the-CRPD-by-AAN.pdf,Alternative Report on the Human Rights situations of Persons with albinism in Ghana to the Committee on the Rights of Persons with Disabilities (CRPD Committee),Africa Albinism Network (AAN),17 th July 2024,"As a teacher in the Birem South District of the Eastern Region, I had to be posted to 4 or 5 schools within one school term without any explanation. When I finally settled in Kwae, it was resisted by the authorities and when I enquired from the authorities, including from CHRAJ, it was explained to me that the communities did not accept persons with albinism and therefore it would not be safe to be transferred to that community.",['Ghana'],[],False
539,https://africaalbinismnetwork.org/wp-content/uploads/2024/07/Alternative-Report-on-PWAs-in-Ghana-to-the-CRPD-by-AAN.pdf,Alternative Report on the Human Rights situations of Persons with albinism in Ghana to the Committee on the Rights of Persons with Disabilities (CRPD Committee),Africa Albinism Network (AAN),17 th July 2024,I had the experience of a teacher who took joy in lashing me because he had heard that my skin would become red when he lashed me.,['Ghana'],[],False
540,https://africaalbinismnetwork.org/wp-content/uploads/2024/07/Alternative-Report-on-PWAs-in-Ghana-to-the-CRPD-by-AAN.pdf,Alternative Report on the Human Rights situations of Persons with albinism in Ghana to the Committee on the Rights of Persons with Disabilities (CRPD Committee),Africa Albinism Network (AAN),17 th July 2024,"My economics teacher used to throw a marker at me every day because I had difficulty seeing the board and every time, I would strain my eyes to try to see what was on the board, he thought I was sleeping.",['Ghana'],['right to education'],False
541,https://africaalbinismnetwork.org/wp-content/uploads/2024/07/Alternative-Report-on-PWAs-in-Ghana-to-the-CRPD-by-AAN.pdf,Alternative Report on the Human Rights situations of Persons with albinism in Ghana to the Committee on the Rights of Persons with Disabilities (CRPD Committee),Africa Albinism Network (AAN),17 th July 2024,a 23-year-old man with albinism was left to die due to the “offensive odour” around him because of the advanced stage tumour of the head.,['Ghana'],"['right to life', 'right to health', 'adequate standard of living']",False
542,https://www.icj.org/ghana-ghanaian-authorities-too-slow-in-upholding-the-rights-of-persons-with-disabilities-says-un-committee/,Ghana: Ghanaian authorities too slow in upholding the rights of persons with disabilities says UN Committee,"Ghana Federation of Disability Organisations, the African Albinism Network and the International Commission of Jurists",11 Nov 2024,"It also expressed concern about the deprivation of liberty of persons with albinism and underscored the need to take measures to prevent violence, exploitation and abuse of persons with albinism.",['Ghana'],[],False
543,https://www.icj.org/ghana-ghanaian-authorities-too-slow-in-upholding-the-rights-of-persons-with-disabilities-says-un-committee/,Ghana: Ghanaian authorities too slow in upholding the rights of persons with disabilities says UN Committee,"Ghana Federation of Disability Organisations, the African Albinism Network and the International Commission of Jurists",11 Nov 2024,"“As we illustrated in our submissions to the Committee, albinism continues to be perceived as a curse in Ghana, and a range of harmful practices against persons with disabilities, including banishment from communities, persist”",['Ghana'],[],False
544,https://scielo.org.za/scielo.php?pid=S1011-76012017000100008&script=sci_arttext,"Equally able, differently looking: discrimination and physical violence against persons with albinism in Ghana",Francis Benyah,2017,"A clear case is when a first year student, Yussif Fatau, an albino, gained admission into the Atebubu Senior High School but was refused access to the boarding house because of his condition.",['Ghana'],['right to education'],False
545,https://scielo.org.za/scielo.php?pid=S1011-76012017000100008&script=sci_arttext,"Equally able, differently looking: discrimination and physical violence against persons with albinism in Ghana",Francis Benyah,2017,"In a similar incidence, Newton Kwamlia Katsekua, the Executive Director of the Ghana Association of Persons with Albinism attended a funeral at Akwamufie, in the Eastern Region of Ghana. During the funeral ceremony, four different parties warned him that local tradition does not tolerate people with albinism and hence, asked him to either hide or leave.",['Ghana'],[],False
546,https://scielo.org.za/scielo.php?pid=S1011-76012017000100008&script=sci_arttext,"Equally able, differently looking: discrimination and physical violence against persons with albinism in Ghana",Francis Benyah,2017,"Again, UTSS reports that in 2009, a two-year-old boy with albinism was kidnapped. After a week, Akua Linda was spotted with the boy and apprehended at the Kejetia Bus Terminal in Kumasi. She confessed that she and an accomplice had conspired to sell his body parts",['Ghana'],"['right to life', 'right to health', 'access to justice']",False
547,https://scielo.org.za/scielo.php?pid=S1011-76012017000100008&script=sci_arttext,"Equally able, differently looking: discrimination and physical violence against persons with albinism in Ghana",Francis Benyah,2017,"In another incident, Wahab, a thirty-three (33) year-old graduate teacher with albinism from Sapala in the Northern Region of Ghana also narrates his ordeal. As the first albino child to be born in his town and/or village, Wahab, was ostracized from his family and community, and survived three attempts of death on his life.","['Burkina Faso', 'Ghana']","['right to life', 'adequate standard of living']",False
548,https://www.graphic.com.gh/news/general-news/ghana-news-international-albinism-awareness-day-2025-health-legal-reforms-needed-to-save-lives-of-persons-with-albinism-advocate.html,"International Albinism Awareness Day 2025: Health, legal reforms needed to save lives of persons with albinism — Advocate - Graphic Online",Dickson Worlanyo Dotse,20/06/2025,"He further stated that the government’s failure to provide free or subsidised access to sunscreen, skin screening, and cancer treatment is contributing to needless suffering and premature deaths, describing it as a violation of their rights.",['Ghana'],['right to health'],False
549,https://guineenews.org/2019/08/19/dossier-afrique-et-albinisme-persecutions-exclusion-trafic-dorganes-crimes-rituels-insertion-le-dur-quotidien-des-albinos-en-guinee/,"Dossier-Afrique et Albinisme: persécutions, exclusion, trafic d’organes, crimes rituels, insertion, le dur quotidien des albinos en Guinée",Louis Célestin,19/08/2019,"Aujourd’hui âgée de 31ans, cette diplômée d’ENSAC n’a pas oublié cette soirée de juin 2015 où elle a été violée par un conducteur de taxi. Le conducteur pris pour la course par la jeune dame décide de finir son trajet dans un lieu désert du quartier. Violée par le conducteur, Fanta, laisse entendre que « le chauffeur m’a expliqué qu’il devrait avoir une relation sexuelle avec moi parce que cela devrait lui apporter des chances dans ses affaires ».",['Djibouti'],[],False
550,https://guineenews.org/2019/08/19/dossier-afrique-et-albinisme-persecutions-exclusion-trafic-dorganes-crimes-rituels-insertion-le-dur-quotidien-des-albinos-en-guinee/,"Dossier-Afrique et Albinisme: persécutions, exclusion, trafic d’organes, crimes rituels, insertion, le dur quotidien des albinos en Guinée",Louis Célestin,19/08/2019,"Mon père m’a toujours rejetée parce que je suis albinos. Un jour, il a dit à mes frères que je représentais le diable, que je n’étais pas une fille. Il avait refusé de m’envoyer à l’école",['Guinée'],['right to education'],False
551,https://guineenews.org/2019/08/19/dossier-afrique-et-albinisme-persecutions-exclusion-trafic-dorganes-crimes-rituels-insertion-le-dur-quotidien-des-albinos-en-guinee/,"Dossier-Afrique et Albinisme: persécutions, exclusion, trafic d’organes, crimes rituels, insertion, le dur quotidien des albinos en Guinée",Louis Célestin,19/08/2019,"J’ai été abusée par un homme. Aujourd’hui j’ai un enfant de 15 mois. Je suis désespérée et perdue », lâche désespérément la petite Mafoudia B. à notre micro.",['Guinée'],[],False
552,https://guineenews.org/2019/08/19/dossier-afrique-et-albinisme-persecutions-exclusion-trafic-dorganes-crimes-rituels-insertion-le-dur-quotidien-des-albinos-en-guinee/,"Dossier-Afrique et Albinisme: persécutions, exclusion, trafic d’organes, crimes rituels, insertion, le dur quotidien des albinos en Guinée",Louis Célestin,19/08/2019,"La première manifestation d’ostracisme qu’il connaitra, selon toujours le témoignage, sera celle de son père, qui refusant la fatalité d’un fils albinos, le reniera.",['Guinée'],[],False
553,https://www.sitesofconscience.org/extraordinary-women-hadjiratou-bah/,(Extra)Ordinary Women: Hadjiratou BAH - Sites of Conscience,"Association des Victimes, Parents et Amis du 28 Septembre 2009 (AVIPA)",,"As a woman, the challenges I have to face in the community are always problems of social inclusion and stigma because of the difference in my skin color.",[],[],False
554,https://www.sitesofconscience.org/extraordinary-women-hadjiratou-bah/,(Extra)Ordinary Women: Hadjiratou BAH - Sites of Conscience,"Association des Victimes, Parents et Amis du 28 Septembre 2009 (AVIPA)",,Others even to this day continue to be repudiated in their homes for having given birth to a child with albinism or segregated in his home because of his skin color.,[],[],False
555,https://www.sitesofconscience.org/extraordinary-women-hadjiratou-bah/,(Extra)Ordinary Women: Hadjiratou BAH - Sites of Conscience,"Association des Victimes, Parents et Amis du 28 Septembre 2009 (AVIPA)",,"We treat them at the CENAG center, which is our NGO with 33 personalities of albinism that help children who were on the streets exploited for begging purposes.",[],[],False
556,https://zap.aeiou.pt/os-albinos-da-guine-bissau-querem-protecao-do-estado-569031,Os albinos da Guiné-Bissau querem proteção do Estado - ZAP Notícias,ZAP // Lusa,23/11/2023,"O presidente do consórcio Casa dos Direitos, o jurista Gueri Gomes, disse que a sua organização apoia as exigências dos albinos da Guiné-Bissau, que enfrentam descriminações e dificuldades e deu como “exemplo flagrante de discriminação” o caso do próprio Jerónimo Gomes. “O presidente da associação de pessoas com albinismo na Guiné-Bissau, que é um professor, foi colocado numa zona da Guiné-Bissau com altas temperaturas. Essa situação faz com que ele não consiga permanecer durante mais de três dias naquela localidade”, adiantou Gueri Gomes.",['Guinea-Bissau'],"['right to health', 'adequate standard of living']",True
557,https://www.hi-canada.org/en/news/aicha-and-friends-show-us-the-joy-of-inclusion-,Aicha and Friends Show us the Joy of Inclusion.,,,It’s hard to believe that two years ago she was not at school at all. Difficulties with her vision and sensitive skin as a result of albinism meant that her parents felt it was best for her to stay at home.,[],[],False
569,https://www.knchr.org/Portals/0/Albinism%20Mapping.pdf,"MAPPING LAWS, POLICIES AND PROGRAMMES ON ALBINISM AND EXISTING GAPS AND MAPPING ORGANIZATIONS OF PERSONS WITH ALBINISM IN KENYA",Kenya National Commission on Human Rights,2022,"During the Covid-19 period, there was a cash transfer program by the government to vulnerable families. There was door-to-door registration going on in her village, but the elder did not get to her. She met with another village elder and asked why her village elder did not go to her. This other elder called her village elder on the phone and put him on loudspeaker and asked why she was left out. Her village elder was heard asking what type of disability Margarita had because he could not see any.",['Kenya'],[],False
570,https://www.knchr.org/Portals/0/Albinism%20Mapping.pdf,"MAPPING LAWS, POLICIES AND PROGRAMMES ON ALBINISM AND EXISTING GAPS AND MAPPING ORGANIZATIONS OF PERSONS WITH ALBINISM IN KENYA",Kenya National Commission on Human Rights,2022,"In Nyeri, one respondent who is a person with albinism narrated how her family had tried all means on numerous occasions to deny her from sharing her grandmother’s inheritance, a piece of land, that she left behind for her.",['Kenya'],[],False
571,https://www.knchr.org/Portals/0/Albinism%20Mapping.pdf,"MAPPING LAWS, POLICIES AND PROGRAMMES ON ALBINISM AND EXISTING GAPS AND MAPPING ORGANIZATIONS OF PERSONS WITH ALBINISM IN KENYA",Kenya National Commission on Human Rights,2022,"Another respondent also mentioned how her neighbours had on two occasions tried to evict her from her property through acts of arson. In both these incidents, the relevant authorities were notified but no substantive action was taken against the perpetrators.",['Kenya'],['access to justice'],False
572,https://www.knchr.org/Portals/0/Albinism%20Mapping.pdf,"MAPPING LAWS, POLICIES AND PROGRAMMES ON ALBINISM AND EXISTING GAPS AND MAPPING ORGANIZATIONS OF PERSONS WITH ALBINISM IN KENYA",Kenya National Commission on Human Rights,2022,The study established that one case in Nyeri County was referred to the NCPWD legal unit that involved assault on a family that has three children with albinism. The family’s home was set ablaze by arsonists on two separate occasions.,['Kenya'],['right to life'],False
573,https://tbinternet.ohchr.org/_layouts/15/TreatyBodyExternal/DownloadDraft.aspx?key=8qwUjQmVNNilKSzJNRstEyMGst2%2FvG+duqrNiKA+vc0MKGSk6U5ZHkNOxo4HOjS5,Kenyans with Albinism and Racial Discrimination,Under The Same Sun,April 2017,"On September 20, 2015, a 56-year-old man with albinism by the name of Enock Jamenya died of injuries from a brutal machete attack. Ten days earlier Enock was attacked by three men armed with pangas at his home in Gavudunyi village, Hamisi Subcounty, Vihiga county, Kenya. Attackers hacked his left ear, arm, neck and fingers. Jamenya’s body parts were sought for sale in Tanzania.","['Kenya', 'Tanzania']",['right to life'],True
574,https://tbinternet.ohchr.org/_layouts/15/TreatyBodyExternal/DownloadDraft.aspx?key=8qwUjQmVNNilKSzJNRstEyMGst2%2FvG+duqrNiKA+vc0MKGSk6U5ZHkNOxo4HOjS5,Kenyans with Albinism and Racial Discrimination,Under The Same Sun,April 2017,"On March 15, 2013, a seven-year-old boy with albinism in Embu, Kenya, escaped relatives attempting to sell him for ritual purposes. He was kidnapped by his uncle and other relatives to meet up with buyers. Kidnappers threw the boy out of the window of a moving vehicle when he screamed.",['Kenya'],"['right to life', 'access to justice']",True
575,https://tbinternet.ohchr.org/_layouts/15/TreatyBodyExternal/DownloadDraft.aspx?key=8qwUjQmVNNilKSzJNRstEyMGst2%2FvG+duqrNiKA+vc0MKGSk6U5ZHkNOxo4HOjS5,Kenyans with Albinism and Racial Discrimination,Under The Same Sun,April 2017,"On April 18, 2012 a three-year-old with albinism was abducted, drugged and transported illegally by three men through the Nairobi airport in transit from Tanzania to Ouagadougou in Burkina Faso.","['Kenya', 'Tanzania', 'Burkina Faso']","['right to life', 'right to health']",False
576,https://tbinternet.ohchr.org/_layouts/15/TreatyBodyExternal/DownloadDraft.aspx?key=8qwUjQmVNNilKSzJNRstEyMGst2%2FvG+duqrNiKA+vc0MKGSk6U5ZHkNOxo4HOjS5,Kenyans with Albinism and Racial Discrimination,Under The Same Sun,April 2017,"On Sunday, March 4th, 2012 Mrs. Mzungu took her daughter Joyce to church. After the service, Mrs. Mzungu couldn’t find Joyce. She approached the pastor to enquire on the whereabouts of Joyce. He said to be patient and pray. Eventually, she went looking for Joyce but to no avail. The next day, the Pastor called stating he had Joyce. But he left the area and Joyce has not been found.",['Kenya'],['right to life'],False
577,https://tbinternet.ohchr.org/_layouts/15/TreatyBodyExternal/DownloadDraft.aspx?key=8qwUjQmVNNilKSzJNRstEyMGst2%2FvG+duqrNiKA+vc0MKGSk6U5ZHkNOxo4HOjS5,Kenyans with Albinism and Racial Discrimination,Under The Same Sun,April 2017,"On December 24, 2010 a mother killed her three-week-old baby boy with albinism. The father had threatened divorce, claiming the baby was not his, but rather was a ghost.",['Kenya'],"['right to life', 'right to health']",False
578,https://tbinternet.ohchr.org/_layouts/15/TreatyBodyExternal/DownloadDraft.aspx?key=8qwUjQmVNNilKSzJNRstEyMGst2%2FvG+duqrNiKA+vc0MKGSk6U5ZHkNOxo4HOjS5,Kenyans with Albinism and Racial Discrimination,Under The Same Sun,April 2017,"On August 2, 2010, a 4-month-old baby girl with albinism by the name of Esther Moraa was killed by her mother, Sara Kemunto Nyabuto, age 23, at Bokimweri sub location in Nyamache district, Kenya. The father was threatening divorce and had convinced her to kill the baby since she was born with albinism, hence a bad omen and a disgrace to the family.",['Kenya'],['right to life'],False
579,https://tbinternet.ohchr.org/_layouts/15/TreatyBodyExternal/DownloadDraft.aspx?key=8qwUjQmVNNilKSzJNRstEyMGst2%2FvG+duqrNiKA+vc0MKGSk6U5ZHkNOxo4HOjS5,Kenyans with Albinism and Racial Discrimination,Under The Same Sun,April 2017,"In August 2010, Nathan Mutei attempted to sell his friend, Robinson Mkwama, a Kenyan with albinism for Tanzanian Sh400 million (KSh22m). Mutei smuggled Mkwama to Mwanza, Tanzania via Kitale in Kenya's Rift Valley Province.","['Tanzania', 'Kenya', 'Zambia']",['right to life'],False
580,https://tbinternet.ohchr.org/_layouts/15/TreatyBodyExternal/DownloadDraft.aspx?key=8qwUjQmVNNilKSzJNRstEyMGst2%2FvG+duqrNiKA+vc0MKGSk6U5ZHkNOxo4HOjS5,Kenyans with Albinism and Racial Discrimination,Under The Same Sun,April 2017,"In January of 2008, Margaret was abducted by three men. Her body was found the following morning with her legs, genitals, breasts and hands removed.",['Kenya'],['right to life'],False
581,https://www.ohchr.org/en/press-releases/2024/04/lesotho-removing-barriers-rights-persons-albinism-critical-improving-lives,"Lesotho: Removing barriers to the rights of persons with albinism critical to improving lives, says UN expert",,19 April 2024,"In one of the most remote areas of Thaba-Tseka, some people with albinism are not accepted in their communities, have never heard of sunscreen or visited a health care facility,” Miti-Drummond said, describing the case of a young pregnant woman with albinism who had been compelled to walk for two hours through mountainous terrain to get to the nearest hospital to receive maternal care.",['Lesotho'],"['right to health', 'adequate standard of living']",False
582,https://www.africa-press.net/lesotho/all-news/lesotho-to-actively-protect-rights-of-persons-with-albinism,Lesotho to Actively Protect Rights of Persons with Albinism,,23-02-2026,"She says people with albinism often face discrimination, stigma, and even violence due to misconceptions and myths surrounding the condition.",['Lesotho'],['adequate standard of living'],False
583,https://reports231.com/albinism-society-criticized-moh-for-prolonged-neglect/,Albinism Society Criticized MoH for Prolonged Neglect,Godfred Badu Quansah,,The Ministry of Health has been publicly criticised by the Liberia Albinism Society (LAS) for allegedly neglecting people with albinism for an extended period of time.,['Liberia'],"['right to health', 'adequate standard of living']",False
584,https://fpa.news/liberia-global-albinism-activist-condemns-online-attack-on-liberian-advocate/,Liberia: Global Albinism Activist Condemns Online Attack On Liberian Advocate,Patience M Jones,"June 25, 2026","A prominent advocate for the rights of persons with albinism has strongly condemned what he describes as a degrading and discriminatory online attack against Ambassador Ezekiel D. Klah, a respected Liberian advocate and member of the albinism community.",['Liberia'],[],False
585,https://www.state.gov/report/custom/1948f83df1,Human Rights Reports: Custom Report Excerpts - United States Department of State,United States Department of State,,"For example, in October a group of people, including the husband, killed an albino pregnant woman in Kita on the orders of a traditional spiritual leader.",[],"['right to life', 'access to justice']",False
586,https://www.state.gov/report/custom/1948f83df1,Human Rights Reports: Custom Report Excerpts - United States Department of State,United States Department of State,,"In November 2018 a Malian singer-songwriter and albino activist, Salif Keita, assembled an international forum on protecting albino persons in Africa and dedicated a benefit concert to a five-year-old albino girl who was kidnapped, tortured, and killed in the country in May 2018.",['Mali'],['right to life'],False
587,https://www.state.gov/report/custom/1948f83df1,Human Rights Reports: Custom Report Excerpts - United States Department of State,United States Department of State,,During the year a woman with albinism was reportedly harassed at her place of work in Mwanza by other workers. She lost her job as a hotel restaurant hostess and was told to work cleaning the rooms instead.,['Tanzania'],['right to work'],False
588,https://www.amnesty.org/en/latest/campaigns/2026/07/ending-attacks-against-persons-with-albinism/,Ending attacks against persons with albinism,Amnesty International,10/07/2026,"Persons with albinism in Tanzania have historically suffered multifaceted discrimination in various spheres of society. They have often been attacked, killed, hunted for body parts, or mutilated.",['Tanzania'],['right to life'],False
589,https://www.amnesty.org/en/latest/campaigns/2026/07/ending-attacks-against-persons-with-albinism/,Ending attacks against persons with albinism,Amnesty International,10/07/2026,Children have been specifically abducted or killed for the purposes of sale of their person or their body parts.,[],['right to life'],False
590,https://www.amnesty.org/en/latest/campaigns/2026/07/ending-attacks-against-persons-with-albinism/,Ending attacks against persons with albinism,Amnesty International,10/07/2026,"not only was Tanzania not providing them with basic needs for their physical and mental health, but they also faced discriminatory attitudes which impeded further their access to medical care.",['Tanzania'],"['right to health', 'adequate standard of living']",False
591,https://www.amnesty.org/en/latest/campaigns/2026/07/ending-attacks-against-persons-with-albinism/,Ending attacks against persons with albinism,Amnesty International,10/07/2026,the long term separation of parents and the conditions in the shelter were harmful to children.,[],"['adequate standard of living', 'right to health']",False
592,https://www.amnesty.org/en/latest/campaigns/2026/07/ending-attacks-against-persons-with-albinism/,Ending attacks against persons with albinism,Amnesty International,10/07/2026,"Children also faced difficulties in schools as their basic needs (such as glasses, large print, and extra time) were not accommodated.",[],[],False
593,https://www.ohchr.org/en/press-releases/2022/02/madagascar-un-experts-urge-protection-people-albinism-amid-attacks,Madagascar: UN experts urge protection for people with albinism amid attacks,UN human rights experts,28 February 2022,"Over a dozen abductions, attacks and killings in the past two years were reported in various parts of Madagascar including Atsimo-Andrefana, Menabe, Haute Matisatra, Ihorombe and Anosi.",['Madagascar'],"['right to life', 'access to justice']",False
594,https://www.ohchr.org/en/press-releases/2022/02/madagascar-un-experts-urge-protection-people-albinism-amid-attacks,Madagascar: UN experts urge protection for people with albinism amid attacks,UN human rights experts,28 February 2022,The gruesome attacks and killings have involved mutilation and dismemberment based on dangerously false beliefs that these body parts can be used in rituals to bring good fortune and protection.,['Madagascar'],[],False
595,https://africaalbinismnetwork.org/wp-content/uploads/2026/05/AAN-AS-2026-010-Joint-Statement-by-AAN-Albinos-Madagascar-and-CBM-Global-on-Madagascar-2.pdf,"Joint Statement by the Africa Albinism Network, Albinos Madagascar and CBM Global Disability Inclusion Condemning the Brutal Killing of a Child with Albinism in Madagascar","Africa Albinism Network, Albinos Madagascar and CBM Global Disability Inclusion",22 May 2026,"The Africa Albinism Network (AAN), Albinos Madagascar, and CBM Global Disability Inclusion express deep alarm and outrage at the brutal attack and killing of D.N.J.R., a 14-year-old boy with albinism, in Marosakoa Commune, Marovoay District, Antanamivony neighbourhood, Madagascar, on 17 May 2026.",['Madagascar'],['right to life'],True
596,https://www.unicef.org/madagascar/en/press-releases/madagascar-unicef-condemns-crimes-committed-against-people-albinism-and-committed,"In Madagascar, UNICEF condemns crimes committed against people with albinism and is committed to working with all stakeholders for their protection",UNICEF,07 March 2022,"On 4 March, 2022, in the Rural Commune of Berano in Amboasary, the lifeless and mutilated body of a 6-year-old child with albinism was found.",['Madagascar'],['right to life'],False
601,https://liberties.aljazeera.com/en/in-malawi-being-albino-still-means-living-with-fear/,"In Malawi, Being Albino Still Means Living with Fear",,"14 June, 2026","Years after surviving two attacks linked to harmful beliefs about albinism, Patricia J. still avoids markets and informal workplaces near her rural Malawian home.",['Malawi'],['adequate standard of living'],False
602,https://liberties.aljazeera.com/en/in-malawi-being-albino-still-means-living-with-fear/,"In Malawi, Being Albino Still Means Living with Fear",,"14 June, 2026","Rose M., a trained hotel worker, recalled walking into a job interview to immediate gasps: “When you send in your application, they don’t know you have albinism… When you show up for the interview, the facial expressions tell you everything.”",['Malawi'],[],False
603,https://www.amnesty.org/en/wp-content/uploads/2023/06/AFR3613962019ENGLISH.pdf,AMNESTY INTERNATIONAL SUBMISSION FOR THE UN UNIVERSAL PERIODIC REVIEW,AMNESTY INTERNATIONAL,4-15 MAY 2020,"In January 2019, 60-year-old Yassin Kwenda Phiri was gruesomely murdered in his house in Nkhata Bay while his 9-year old son George watched helplessly. Two men cut off his father’s arms with a knife and removed his intestines with their bare hands.",['Malawi'],['right to life'],False
604,https://www.amnesty.org/en/wp-content/uploads/2023/06/AFR3613962019ENGLISH.pdf,AMNESTY INTERNATIONAL SUBMISSION FOR THE UN UNIVERSAL PERIODIC REVIEW,AMNESTY INTERNATIONAL,4-15 MAY 2020,"Yassin’s murder happened less than a year after another gruesome killing of Macdonald Masambuka, aged 22, in March 2018. His butchered body was found in April 2018 with his legs and arms missing.",[],['right to life'],False
605,https://www.amnesty.org/en/wp-content/uploads/2023/06/AFR3613962019ENGLISH.pdf,AMNESTY INTERNATIONAL SUBMISSION FOR THE UN UNIVERSAL PERIODIC REVIEW,AMNESTY INTERNATIONAL,4-15 MAY 2020,"In July 2018, Joseph Kachingwe, a 12-year-old boy with albinism was abducted in Phalombe and has never been found.",['Malawi'],['right to life'],False
606,https://www.amnesty.org/en/wp-content/uploads/2023/06/AFR3613962019ENGLISH.pdf,AMNESTY INTERNATIONAL SUBMISSION FOR THE UN UNIVERSAL PERIODIC REVIEW,AMNESTY INTERNATIONAL,4-15 MAY 2020,"In May 2019, the High Court sentenced Willard Mikaele 14 to death for the strangling and ritualistic dismemberment of Mphatso Pensulo, who in 2017, at age 19, had been lured into his killer's house with a promise of juice and biscuits.",[],['right to life'],False
607,https://www.amnesty.org/en/wp-content/uploads/2023/06/AFR3613962019ENGLISH.pdf,AMNESTY INTERNATIONAL SUBMISSION FOR THE UN UNIVERSAL PERIODIC REVIEW,AMNESTY INTERNATIONAL,4-15 MAY 2020,"In another case, in 2015, Douglas Mwale, Sophie Here and Fontino Folosani killed Prescott Pepuzani, with a metal bar and a hoe handle before chopping off his hands and legs and burying him in Mwale’s garden in Mchinji district, Central Malawi.",['Malawi'],['right to life'],False
608,https://spcommreports.ohchr.org/TMResultsBase/DownLoadPublicCommunicationFile?gId=28629,AL MWI 2/2023,"Independent Expert on the enjoyment of human rights by persons with albinism; Special Rapporteur on the rights of persons with disabilities; Special Rapporteur on extrajudicial, summary or arbitrary executions",6 December 2023,"On 19 November 2022, , a two-year-old boy with albinism survived an attempted attack against him at his house in Phalombe District, where he lived with his mother and his five-year-old sibling.",[],['right to life'],True
609,https://spcommreports.ohchr.org/TMResultsBase/DownLoadPublicCommunicationFile?gId=28629,AL MWI 2/2023,"Independent Expert on the enjoyment of human rights by persons with albinism; Special Rapporteur on the rights of persons with disabilities; Special Rapporteur on extrajudicial, summary or arbitrary executions",6 December 2023,"On 1 May 2023, Akimu Ajasi, a 48-year-old man with albinism, from M’boola Village, in the Chiradzulu District, was brutally attacked and injured by unknown assailants.",[],['right to life'],False
610,https://www.newsweek.com/albino-girl-killed-albinism-mali-election-superstition-ritual-albinism-police-927200,"5-Year-Old Albino Girl Abducted, Beheaded in What Police Fear Was ‘Ritual’ Killing - Newsweek",Gillian Edevane,15/05/2018,"In a killing that has sparked local and global outrage, armed men kidnapped and beheaded a 5 year old albino girl in Mali Sunday, according to a report from Agence France-Presse.",['Mali'],"['right to life', 'access to justice']",False
611,https://africanlii.org/articles/2019-09-11/SALC/statement-shining-a-light-on-the-urgency-of-implementing-the-regional-action-plan-on-albinism-in-africa,Shining a light on the urgency of implementing the Regional Action Plan on Albinism in Africa – AfricanLII,SALC,11/09/2019,"In May this year, a 5 year old girl with albinism was kidnapped and killed in Mali.",['Mali'],"['right to life', 'access to justice']",False
612,https://africanlii.org/articles/2019-09-11/SALC/statement-shining-a-light-on-the-urgency-of-implementing-the-regional-action-plan-on-albinism-in-africa,Shining a light on the urgency of implementing the Regional Action Plan on Albinism in Africa – AfricanLII,SALC,11/09/2019,"The murder of Macdonald Masambuka who disappeared at Mbawa Trading Centre in Nakawa village, northern Malawi, put the country in the spotlight for attacks and killings against persons with albinism.",['Uganda'],['right to life'],False
613,https://africanlii.org/articles/2019-09-11/SALC/statement-shining-a-light-on-the-urgency-of-implementing-the-regional-action-plan-on-albinism-in-africa,Shining a light on the urgency of implementing the Regional Action Plan on Albinism in Africa – AfricanLII,SALC,11/09/2019,A mother to three children with albinism from the Democratic Republic of Congo (DRC) was forced to flee to neighbouring Uganda fearing that her children could be targeted for beliefs that albino body parts bring luck and power.,['Uganda'],"['adequate standard of living', 'right to health', 'right to life']",True
614,https://africanlii.org/articles/2019-09-11/SALC/statement-shining-a-light-on-the-urgency-of-implementing-the-regional-action-plan-on-albinism-in-africa,Shining a light on the urgency of implementing the Regional Action Plan on Albinism in Africa – AfricanLII,SALC,11/09/2019,"Relatively, recently, the body of a man with albinism was reportedly stolen from his grave two days after burial in South Africa.",['South Africa'],[],False
615,https://albinism.ohchr.org/story-salif-keita.html,Meet Salif Keita - People with albinism,United Nations Human Rights,,"The condition is often misinterpreted as an ill omen in his native Mali, making Keita an outcast in his own community.",['Mali'],[],False
616,https://albinism.ohchr.org/story-salif-keita.html,Meet Salif Keita - People with albinism,United Nations Human Rights,,Although he was born into a noted lineage of musicians with direct links to Sounjata Keita – the heroic 13th-century warrior-prince who edified the ancient Malian Empire – Keita was forbidden to play music growing up.,['Mali'],[],True
617,https://albinism.ohchr.org/story-salif-keita.html,Meet Salif Keita - People with albinism,United Nations Human Rights,,"He was also disowned by his father, kicked out of school, and rejected by the local aristocracy.",[],[],False
618,https://theglobepost.com/2018/05/15/mali-ritual-murder/,Outcry in Mali After Albino Child Beheaded in ‘Ritual’ Murder,Staff Writer,"Saturday, July 18, 2026","Armed men abducted and beheaded a five-year-old albino girl in Mali at the weekend, police said, in what was feared to be a ritual murder for supposedly magic body parts.",['Mali'],"['right to life', 'access to justice']",False
619,https://press.cridem.org/imprimable.php?article=676482,La discrimination des albinos : Un phénomène sous silence en Mauritanie,Cheikh Oumar N’Diaye,16-10-2015,"Pour la fille d’une vingtaine d’années Salma Mint Alioune, en quatrième année secondaire, la marginalisation et la discrimination par la société des siens est vécue au quotidien : « Nous les albinos nous subissons le regard discriminatoire de la société qui considère que nous sommes des gens sans valeur et sans importance ».",['Mauritania'],[],False
620,https://press.cridem.org/imprimable.php?article=676482,La discrimination des albinos : Un phénomène sous silence en Mauritanie,Cheikh Oumar N’Diaye,16-10-2015,"La seule fois qu’en Mauritanie des personnes ont attaqué un albinos, d’après le Nejib, c’était en 2007 pendant les élections. À Dar Naim (quartier périphérique de Nouakchott) une petite fille a échappé à un rapt d’un groupe d’individu qui s’adonnerait à ce genre de pratiques.",['Mauritania'],['right to life'],False
621,https://w3.cridem.org/imprimable.php?article=746226,"Mauritanie : Journée internationale de sensibilisation sur l’albinisme : « Forts, envers et contre tout ! »",THIAM Mamadou,18-06-2021,"Au-delà des problèmes sanitaires et éducatifs, les albinos ont du mal à s’intégrer, à cause de la marginalisation et la discrimination portée à leur égard.",['Mauritania'],['adequate standard of living'],False
622,https://w3.cridem.org/imprimable.php?article=746226,"Mauritanie : Journée internationale de sensibilisation sur l’albinisme : « Forts, envers et contre tout ! »",THIAM Mamadou,18-06-2021,"Le président de l’AAM dénonce le sort réservé aux albinos, « en plusieurs pays du continent où », explique-t-il, « ils sont malheureusement encore trop souvent victimes de crimes rituels. »",['Mauritania'],['right to life'],False
623,https://w3.cridem.org/imprimable.php?article=746226,"Mauritanie : Journée internationale de sensibilisation sur l’albinisme : « Forts, envers et contre tout ! »",THIAM Mamadou,18-06-2021,"Leur droit à l’éducation, par exemple, est affecté par leur déficience visuelle, qui les contraint parfois à abandonner l’école (manque de crèmes solaires et de lunettes, défaut de consultations…).",['Mauritania'],['right to education'],False
624,https://initiativesnews.com/journeee-de-sensibilisation-a-lalbinisme-unis-pour-faire-entendre-notre-voix/,Sensibilisation à l’Albinisme : « Unis pour faire entendre notre voix » – Intiatives News,Yakhouba Kibili Diakité,Le lundi 13 Juin 2022,"Mr Nejib Dah Eleywa de l’organisation Mauritanienne pour l’appui et l’insertion des albinos qui a rappelé qu’en Mauritanie, les personnes atteintes d’albinisme sont confrontées à plusieurs difficultés notamment, la discrimination, l’isolement, la marginalisation, et l’isolement social.",['Mauritania'],[],False
625,https://initiativesnews.com/journeee-de-sensibilisation-a-lalbinisme-unis-pour-faire-entendre-notre-voix/,Sensibilisation à l’Albinisme : « Unis pour faire entendre notre voix » – Intiatives News,Yakhouba Kibili Diakité,Le lundi 13 Juin 2022,"Les personnes atteintes d’albinisme sont restées sujettes à l’injustice, au ridicule, à l’intimidation et à des degrés avancés de négligence.",[],['access to justice'],False
626,https://www.hrw.org/video-photos/video/2019/06/13/cradle-grave-discrimination-against-persons-albinism-mozambique,Cradle to Grave: Discrimination Against Persons with Albinism in Mozambique | Human Rights Watch,,"June 13, 2019","Human Rights Watch found children living with albinism in the central Mozambican province of Tete to be widely discriminated against, stigmatized, and often rejected at school in the community, and, at times, by their own families.",['Mauritania'],['adequate standard of living'],False
627,https://360mozambique.com/development/government-reaffirms-protection-of-the-rights-of-around-30000-people-with-albinism-in-the-country/,"Government Reaffirms Protection of the Rights of Around 30,000 People With Albinism in the Country",,14/06/2026,"The Mozambican government estimates that around 30,000 people in the country live with albinism, stating that it remains “committed” to promoting their rights, as they continue to be victims of discrimination, superstition, and organ trafficking.",['Mauritania'],[],False
628,https://360mozambique.com/development/government-reaffirms-protection-of-the-rights-of-around-30000-people-with-albinism-in-the-country/,"Government Reaffirms Protection of the Rights of Around 30,000 People With Albinism in the Country",,14/06/2026,"The government estimates that between 20,000 and 30,000 Mozambicans live with this condition and continue to face discrimination, exclusion, and violations of fundamental rights, often driven by superstition and frequently targeted for organ trafficking.",[],[],False
629,https://360mozambique.com/development/government-reaffirms-protection-of-the-rights-of-around-30000-people-with-albinism-in-the-country/,"Government Reaffirms Protection of the Rights of Around 30,000 People With Albinism in the Country",,14/06/2026,"Razak Amuzá Esmail acknowledged that these attacks, persecutions, and even killings — part of years of “silent violence” — led the government to approve a Multisectoral Action Plan to address issues affecting people with albinism and ensure their protection.",['Mauritania'],['right to life'],False
630,https://www.nytimes.com/interactive/2017/05/05/sunday-review/albinos-in-mozambique.html,The Hunted,Daniel Rodrigues,"May 5, 2017","In parts of southern Africa, people with albinism are killed or sold by traffickers.",[],"['right to life', 'right to health']",False
631,https://clubofmozambique.com/news/mozambique-gang-of-four-amputates-arm-of-albino-teenager-in-ile/,Mozambique: Gang of four amputates arm of albino teenager in Ile,,04/12/2023,"A group of four men, not yet identified by authorities, amputated the arm of a teenager with albinism in the province of Zambézia, central Mozambique, Mozambican police said this Thursday.",['Mozambique'],['right to health'],False
632,https://africaalbinismnetwork.org/wp-content/uploads/2023/08/Alternative-Report-to-the-96-Pre-Sessional-Working-Group-of-the-Committee-on-the-Rights-of-the-Child-on-the-situation-of-children-with-albinism-in-Namibia.pdf,Submission to the 96 Pre-Sessional Working Group of the Committee on the Rights of the Child on the situation of children with albinism in Namibia,Africa Albinism Network,1st August 2023,"A striking example is a 34-year-old woman with albinism, who had to remain hidden from society for 22 years – therefore, since childhood - due to the community's hostility towards her family because of her genetic condition.",['Namibia'],['adequate standard of living'],False
633,https://africaalbinismnetwork.org/wp-content/uploads/2023/08/Alternative-Report-to-the-96-Pre-Sessional-Working-Group-of-the-Committee-on-the-Rights-of-the-Child-on-the-situation-of-children-with-albinism-in-Namibia.pdf,Submission to the 96 Pre-Sessional Working Group of the Committee on the Rights of the Child on the situation of children with albinism in Namibia,Africa Albinism Network,1st August 2023,A typical example is the story of the 34 years old woman who was kept away from society as a child with albinism and attended school only for a year in her entire life.,['Namibia'],"['right to education', 'adequate standard of living']",False
634,https://abcdocz.com/doc/56660/customary-practices-and-children-with-albinism-in-namibia...,Customary practices and children with albinism in Namibia: A constitutional challenge?,Ruusa N Ntinda,,"This is my strong belief, based on the experience I had at school. I was tormented and beaten by other children, and if I drank from a tap, no one else would drink from it after me unless it had been washed with soap. In class and during break, I sat alone.",['Namibia'],[],False
635,https://www.lesahel.org/journee-mondiale-de-sensibilisation-a-lalbinisme-lever-les-prejuges-pour-une-societe-plus-inclusive/,Journée mondiale de sensibilisation à l'albinisme : Lever les préjugés pour une société plus inclusive,Siradji Sanda,13 juin 2021,"Et comme si ce problème génétique ne suffit pas, les personnes atteintes d’albinisme sont victimes de préjugés, de stigmatisation, de rejet et d’atteintes à l’intégrité physique pouvant aller jusqu’à la mort.",[],"['right to health', 'right to life']",False
636,https://africaalbinismnetwork.org/wp-content/uploads/2025/03/Joint-Alternative-Report-on-the-Human-Rights-situations-of-Persons-with-albinism-in-Nigeria-to-the-Committee-on-the-Rights-of-Persons-with-Disabilities.pdf,Joint Alternative Report on the Human Rights situations of Persons with albinism in Nigeria to the Committee on the Rights of Persons with Disabilities (CRPD Committee),Africa Albinism Network (AAN),28 th Feb 2025,"One such case occurred on June 24, 2023, when a 29-year-old graphic designer with albinism in Onitsha, Anambra State, was attacked in his home by a relative from his mother’s hometown. The assailant, who had arrived unannounced and requested to stay overnight, attempted to kill the victim in the early hours of June 25. The victim was stabbed twice in the neck and strangled but managed to fight back and call for help.",['Nigeria'],['right to life'],False
637,https://africaalbinismnetwork.org/wp-content/uploads/2025/03/Joint-Alternative-Report-on-the-Human-Rights-situations-of-Persons-with-albinism-in-Nigeria-to-the-Committee-on-the-Rights-of-Persons-with-Disabilities.pdf,Joint Alternative Report on the Human Rights situations of Persons with albinism in Nigeria to the Committee on the Rights of Persons with Disabilities (CRPD Committee),Africa Albinism Network (AAN),28 th Feb 2025,"As Fedizy from South-South Nigeria recounts: “In school, I was the only person with albinism. So, people mocked me; some laughed at me – some called me names. Some will say ‘oyinbo pepper.’ Some will just be laughing at me about my eyesight. It affected me badly. I will sit lonely and start crying.”",['Nigeria'],[],False
638,https://africaalbinismnetwork.org/wp-content/uploads/2025/03/Joint-Alternative-Report-on-the-Human-Rights-situations-of-Persons-with-albinism-in-Nigeria-to-the-Committee-on-the-Rights-of-Persons-with-Disabilities.pdf,Joint Alternative Report on the Human Rights situations of Persons with albinism in Nigeria to the Committee on the Rights of Persons with Disabilities (CRPD Committee),Africa Albinism Network (AAN),28 th Feb 2025,"Nori from South-East Nigeria shared her experience: “I didn’t have support in terms of school. I didn’t write in class because I couldn’t see what was written on the board. But my teachers did not understand that it’s not me not wanting to participate. They thought that I was just too lazy to write. One day, my teacher saw that I was not copying notes. She asked me why, and when I couldn’t give her an answer, she caned me badly. This happened a lot of times.”",['Nigeria'],['right to education'],False
639,https://africaalbinismnetwork.org/wp-content/uploads/2025/03/Joint-Alternative-Report-on-the-Human-Rights-situations-of-Persons-with-albinism-in-Nigeria-to-the-Committee-on-the-Rights-of-Persons-with-Disabilities.pdf,Joint Alternative Report on the Human Rights situations of Persons with albinism in Nigeria to the Committee on the Rights of Persons with Disabilities (CRPD Committee),Africa Albinism Network (AAN),28 th Feb 2025,"A notable example is the case of a Nigerian lady with albinism who was denied employment in the Nigeria Police Force despite completing all required training. 29 His rejection was based solely on his albinism, highlighting the prevalence of visual and skin-based discrimination in the job market.",['Nigeria'],['right to work'],False
640,https://collaborativemedia.wscij.org/nigeria-albino-communitys-many-woes-denial-of-voting-education-health-and-financial-inclusion-rights/,"Nigeria albino community’s many woes: Denial of voting, education, health and financial inclusion rights",,"February 13, 2024","Because often, many people with albinism have low vision, given the same numbers of hours to write same subject exams with sighted persons is a denial of fundamental human rights and this must be re assessed.",['Nigeria'],['right to education'],False
641,https://collaborativemedia.wscij.org/nigeria-albino-communitys-many-woes-denial-of-voting-education-health-and-financial-inclusion-rights/,"Nigeria albino community’s many woes: Denial of voting, education, health and financial inclusion rights",,"February 13, 2024","Many banks also contribute to financial exclusion of Persons with albino because of low lights the banks put in their ATMs’’. Knowing that many Albinos have low vision, the low lights in an average ATMs do not help matter and in most cases, especially in the evenings, many people with Albinism are not able to withdraw money from the machines.",['Nigeria'],['right to health'],False
642,https://collaborativemedia.wscij.org/nigeria-albino-communitys-many-woes-denial-of-voting-education-health-and-financial-inclusion-rights/,"Nigeria albino community’s many woes: Denial of voting, education, health and financial inclusion rights",,"February 13, 2024","Another advocate of persons with albinism cried against injustice in the health rights of the Albinism community. He maintained, a major challenge of the Albinism community is their health, which is related to their skin textures. He said “Many persons with Albinism had died prematurely because of skin cancer.",['Nigeria'],['right to health'],False
643,https://collaborativemedia.wscij.org/nigeria-albino-communitys-many-woes-denial-of-voting-education-health-and-financial-inclusion-rights/,"Nigeria albino community’s many woes: Denial of voting, education, health and financial inclusion rights",,"February 13, 2024","Another advocate claimed that in Ondo state as well as in other states across the nation, BVAs machines used to capture voters’ thumb fingerprints before a person can vote often do not recognise the thumbs of an average Albino and in many cases, they had been denied rights to vote.",['Nigeria'],[],False
644,https://www.premiumtimesng.com/health/health-interviews/771766-special-report-nigerians-with-albinism-dying-of-skin-cancer-due-to-healthcare-gaps.html,SPECIAL REPORT: Nigerians with albinism dying of skin cancer due to healthcare gaps,Blessing Oladunjoye,"February 5, 2025",Their extended family rejected them because their mother gave birth to children with albinism.,['Nigeria'],[],False
645,https://www.pureafricanews.com/2025/07/15/living-in-the-shadows-mothers-of-children-with-albinism-face-societal-rejection/,Living in the Shadows: Mothers of children with Albinism face societal rejection,Aline Nyampinga,"Jul 15, 2025","The discrimination wasn’t just verbal; her children were sometimes attacked while playing outside. Although she reported the incidents, local authorities often failed to intervene.",[],['access to justice'],False
646,https://www.undp.org/rwanda/blog/shifting-perceptions-celebrating-strengths-and-fostering-inclusion-persons-albinism,Shifting Perceptions: Celebrating strengths and fostering inclusion for Persons with Albinism,Liliane Akadata,"June 13, 2024","One morning, when David was about 7 years old, his father requested him to accompany him on a trip. Upon arriving, David’s father stepped aside to talk privately with a man. The conversation grew heated, and David overheard them negotiating about money.",['Rwanda'],[],False
647,https://umuringanews.com/climate-change-and-albinism-the-struggles-of-people-with-albinism-in-rwanda/,Climate Change and Albinism: The Struggles of People with Albinism in Rwanda,NIKUZE NKUSI Diane,31/01/2025,"Although there have been efforts to provide sunscreen in health centers, particularly for individuals with albinism, many are turned away due to a lack of supplies.",['Rwanda'],['adequate standard of living'],False
648,https://umuringanews.com/climate-change-and-albinism-the-struggles-of-people-with-albinism-in-rwanda/,Climate Change and Albinism: The Struggles of People with Albinism in Rwanda,NIKUZE NKUSI Diane,31/01/2025,"Some health center administrators even impose restrictions, claiming that sunscreen is too expensive. The refusal of vital products like sunscreen not only endangers their health but also reflects a lack of value placed on their lives.",['Rwanda'],['right to health'],False
649,https://www.kigaliup.net/2022/06/15/persons-with-albinism-decry-on-lack-of-sunscreen-products/,Persons with albinism decry on lack of sunscreen products,Safari Juvénal,06/15/2022,"Ndererimana Didace, 59, is a resident of Rutsiro District of Western Province living with albinism like his colleagues, too, in Northern Province who spoke to Kigali Up at the event. The father of seven said he hardly gets the protective cream in question since he also has to feed his large family.",['Rwanda'],['adequate standard of living'],True
650,https://www.kigaliup.net/2022/06/15/persons-with-albinism-decry-on-lack-of-sunscreen-products/,Persons with albinism decry on lack of sunscreen products,Safari Juvénal,06/15/2022,"“We still lack sunscreen lotion which helps us get our skin protected, and clothes against sunlight. It’s not easy based on our capacity, as well.” Said Aboubakar Habumugisha, a S6 student in Masonry, Rubavu District.",['Rwanda'],['adequate standard of living'],True
651,https://www.kigaliup.net/2022/06/15/persons-with-albinism-decry-on-lack-of-sunscreen-products/,Persons with albinism decry on lack of sunscreen products,Safari Juvénal,06/15/2022,"Jeanne Musabyimana, Musasa Sector, Rutsiro District has three children living with albinism. She shares the same issue with her colleagues whose skin, for some, is developing some scars on their necks and arms. “Sometimes I do not get it [sunscreen lotion] for protecting their skin [her three children].”",['Rwanda'],['adequate standard of living'],False
652,https://www.kigaliup.net/2022/06/15/persons-with-albinism-decry-on-lack-of-sunscreen-products/,Persons with albinism decry on lack of sunscreen products,Safari Juvénal,06/15/2022,"Simon Mundele, is a resident of Rubavu district with albinism disability. He says he gets the little he can from Musanze district instead of going to his nearest health center as RSSB recommends. “It’s rare to get it. There are some health centers which do not accept Mutuelle de Sante. There are some with it [Sunscreen lotion] but are very limited here. It requires me to go outside the district for an NGO that supports us.”",['Rwanda'],['adequate standard of living'],False
653,https://www.dw.com/en/senegal-albinos-want-their-own-sunscreen-factory/a-19181372,Challenges facing albinos in Senegal,Emmanuelle Landais,04/12/2016,"His father Diallo said that, his children were not facing the stigma seen in other African counties, but they lack adequate medical attention from the state, thus, making it hard for him to raise albino children.",['Senegal'],"['right to health', 'adequate standard of living']",False
654,http://albinossenegal.blogspot.com/2011/04/report-of-situation-of-albinos-in.html,Association Nationale des Albinos du Sénégal: Report of the situation of the albinos in Senegal,Mouhamadou Bamba DIOP,11/04/2011,We can quote the case of baby albinos’ infanticide which is frequent.,['Senegal'],['right to life'],False
655,http://albinossenegal.blogspot.com/2011/04/report-of-situation-of-albinos-in.html,Association Nationale des Albinos du Sénégal: Report of the situation of the albinos in Senegal,Mouhamadou Bamba DIOP,11/04/2011,"In some areas of Senegal, they are considered as possessor of supernatural powers. Thus the most be used as a sacrifice or be abused",['Senegal'],[],False
656,http://albinossenegal.blogspot.com/2011/04/report-of-situation-of-albinos-in.html,Association Nationale des Albinos du Sénégal: Report of the situation of the albinos in Senegal,Mouhamadou Bamba DIOP,11/04/2011,The adult are victim of discrimination one part of the society who refuses them marriage.,['Senegal'],[],False
657,https://lequotidien.sn/manque-de-prise-en-charge-stigmatisation-la-lutte-brulante-des-albinos/,"Manque de prise en charge, stigmatisation La lutte brûlante des albinos – Lequotidien – Journal d'information Générale",Alioune Badara CISS,12/04/2025,"Les personnes vivant avec l’albinisme au Sénégal continuent de faire face à une marginalisation persistante, marquée par l’inaccessibilité à l’éducation, aux soins de santé, aux protections solaires, et surtout par l’indifférence politique.",['Senegal'],['adequate standard of living'],False
658,https://lequotidien.sn/manque-de-prise-en-charge-stigmatisation-la-lutte-brulante-des-albinos/,"Manque de prise en charge, stigmatisation La lutte brûlante des albinos – Lequotidien – Journal d'information Générale",Alioune Badara CISS,12/04/2025,"En 2023, on a enregistré 27 décès d’enfants albinos. Certains sont morts de malnutrition, d’autres de cancer ou de pauvreté",['Senegal'],"['right to health', 'right to life', 'adequate standard of living']",True
659,https://lequotidien.sn/manque-de-prise-en-charge-stigmatisation-la-lutte-brulante-des-albinos/,"Manque de prise en charge, stigmatisation La lutte brûlante des albinos – Lequotidien – Journal d'information Générale",Alioune Badara CISS,12/04/2025,Des enfants ne sont même pas enregistrés à l’état civil.,['Senegal'],[],True
660,https://lequotidien.sn/manque-de-prise-en-charge-stigmatisation-la-lutte-brulante-des-albinos/,"Manque de prise en charge, stigmatisation La lutte brûlante des albinos – Lequotidien – Journal d'information Générale",Alioune Badara CISS,12/04/2025,Certains pères refusent de reconnaître leur enfant albinos.,['Senegal'],[],True
661,https://www.engagesalone.org/health-lifestyle/living-with-albinism-the-burden-of-discrimination-neglect-and-severe-health-risks/,"Living with Albinism: the burden of discrimination, neglect and severe health risks",Kemo Cham,"May 3, 2026","He was one year-old when he was taken in, after his biological parents abandoned him.",[],[],False
662,https://www.engagesalone.org/health-lifestyle/living-with-albinism-the-burden-of-discrimination-neglect-and-severe-health-risks/,"Living with Albinism: the burden of discrimination, neglect and severe health risks",Kemo Cham,"May 3, 2026","“When we arrived at their home, he was lying on the ground, under the hot sun,” she recalls.",[],"['right to life', 'right to health', 'adequate standard of living']",False
663,https://www.engagesalone.org/health-lifestyle/living-with-albinism-the-burden-of-discrimination-neglect-and-severe-health-risks/,"Living with Albinism: the burden of discrimination, neglect and severe health risks",Kemo Cham,"May 3, 2026","Musa, 18, says he has had to develop a thick skin against the bullying and provocation he faces daily from the public and his schoolmates.",[],[],False
664,https://africaalbinismnetwork.org/wp-content/uploads/2024/01/2024.01.11-CESCR-Alternative-Report-on-Sierra-Leone.pdf,"A joint submission by the Africa Albinism Network, the Sierra Leone Association of Persons with Albinism (SLAPWA), the Sierra Leone Albinism Foundation (SLAFo), and the Albinism Royal Foundation to the 74 Pre-Sessional Working Group Session of the Committee on Economic Social and Cultural Rights (CESCR) on the enjoyment of human rights by persons with albinism in Sierra Leone","Africa Albinism Network, the Sierra Leone Association of Persons with Albinism (SLAPWA), the Sierra Leone Albinism Foundation (SLAFo), and the Albinism Royal Foundation",11 th January 2024,"For instance, a 17 years old girl with albinism was sexually abused by her step farther and eventually got her pregnant.",['Sierra Leone'],['right to life'],False
665,https://africaalbinismnetwork.org/wp-content/uploads/2024/01/2024.01.11-CESCR-Alternative-Report-on-Sierra-Leone.pdf,"A joint submission by the Africa Albinism Network, the Sierra Leone Association of Persons with Albinism (SLAPWA), the Sierra Leone Albinism Foundation (SLAFo), and the Albinism Royal Foundation to the 74 Pre-Sessional Working Group Session of the Committee on Economic Social and Cultural Rights (CESCR) on the enjoyment of human rights by persons with albinism in Sierra Leone","Africa Albinism Network, the Sierra Leone Association of Persons with Albinism (SLAPWA), the Sierra Leone Albinism Foundation (SLAFo), and the Albinism Royal Foundation",11 th January 2024,"Disturbing reports from albinism advocacy groups reveal instances where a woman with albinism was deserted by her own mother, solely on the basis of her albinism.",['Sierra Leone'],[],False
666,https://africaalbinismnetwork.org/wp-content/uploads/2024/01/2024.01.11-CESCR-Alternative-Report-on-Sierra-Leone.pdf,"A joint submission by the Africa Albinism Network, the Sierra Leone Association of Persons with Albinism (SLAPWA), the Sierra Leone Albinism Foundation (SLAFo), and the Albinism Royal Foundation to the 74 Pre-Sessional Working Group Session of the Committee on Economic Social and Cultural Rights (CESCR) on the enjoyment of human rights by persons with albinism in Sierra Leone","Africa Albinism Network, the Sierra Leone Association of Persons with Albinism (SLAPWA), the Sierra Leone Albinism Foundation (SLAFo), and the Albinism Royal Foundation",11 th January 2024,"Another poignant account details a mother who, after giving birth to a boy with albinism, felt compelled to conceal the child within the confines of a room for approximately six months due to societal stigma and rejection by the father.",['Sierra Leone'],['adequate standard of living'],False
667,https://africaalbinismnetwork.org/wp-content/uploads/2024/01/2024.01.11-CESCR-Alternative-Report-on-Sierra-Leone.pdf,"A joint submission by the Africa Albinism Network, the Sierra Leone Association of Persons with Albinism (SLAPWA), the Sierra Leone Albinism Foundation (SLAFo), and the Albinism Royal Foundation to the 74 Pre-Sessional Working Group Session of the Committee on Economic Social and Cultural Rights (CESCR) on the enjoyment of human rights by persons with albinism in Sierra Leone","Africa Albinism Network, the Sierra Leone Association of Persons with Albinism (SLAPWA), the Sierra Leone Albinism Foundation (SLAFo), and the Albinism Royal Foundation",11 th January 2024,"A distressing example involves a teacher with albinism who, upon being promoted to head a school, experienced bullying from both students and colleagues, accompanied by baseless accusations of inadequacy for the position.",['Sierra Leone'],[],False
668,https://africaalbinismnetwork.org/wp-content/uploads/2024/01/2024.01.11-CESCR-Alternative-Report-on-Sierra-Leone.pdf,"A joint submission by the Africa Albinism Network, the Sierra Leone Association of Persons with Albinism (SLAPWA), the Sierra Leone Albinism Foundation (SLAFo), and the Albinism Royal Foundation to the 74 Pre-Sessional Working Group Session of the Committee on Economic Social and Cultural Rights (CESCR) on the enjoyment of human rights by persons with albinism in Sierra Leone","Africa Albinism Network, the Sierra Leone Association of Persons with Albinism (SLAPWA), the Sierra Leone Albinism Foundation (SLAFo), and the Albinism Royal Foundation",11 th January 2024,An alarming incident involves a pregnant woman with albinism facing inappropriate scrutiny from a nurse who questioned her ability to conceive.,['Sierra Leone'],['right to health'],False
669,https://awokonewspapersl.com/sierra-leone-news-albinos-gain-legal-protection/,Sierra Leone News: Albinos gain legal protection,Timothy Kenney (Intern),"July 14, 2017","According to Marvel, albino people face widespread discrimination in the workforce and are often declined employment in favor of less qualified candidates without albinism.",['Sierra Leone'],['adequate standard of living'],False
670,https://awokonewspapersl.com/sierra-leone-news-albinos-gain-legal-protection/,Sierra Leone News: Albinos gain legal protection,Timothy Kenney (Intern),"July 14, 2017","Coupled with persistent mockery and teasing from their classmates, many students drop out before finishing secondary school.",['Sierra Leone'],[],False
671,https://manoreporters.com/news/health/sierra-leone-persons-with-albinism-feel-left-out-in-climate-change-discussions/,Sierra Leone: Persons with Albinism feel left out in Climate Change discussions,Kemo Cham,,"Her skin condition makes her a subject of stigmatization in society, she said, adding that she is also avoiding the sun, which worsens her situation.",['Sierra Leone'],['right to health'],False
672,https://manoreporters.com/news/health/sierra-leone-persons-with-albinism-feel-left-out-in-climate-change-discussions/,Sierra Leone: Persons with Albinism feel left out in Climate Change discussions,Kemo Cham,,"Thanks to SLAPWA, Mariatu has undergone surgery twice on a spot under her left hand. The organization paid for the surgery with the help of donor funding. Kamara laments the cost involved, citing the failure of the government to fulfil its promises in the Disability Act of 2011.",['Sierra Leone'],[],False
673,https://radioergo.org/en/2023/05/albinos-living-with-stigma-and-poverty-in-somalia/,Albinos living with stigma and poverty in Somalia,,31/05/2023,School principals told him that other students would not want to share a classroom with him and they could not provide a private space for him.,['Somalia'],[],False
674,https://radioergo.org/en/2023/05/albinos-living-with-stigma-and-poverty-in-somalia/,Albinos living with stigma and poverty in Somalia,,31/05/2023,"When school children see me, they throw things at me.",['Somalia'],[],False
675,https://radioergo.org/en/2023/05/albinos-living-with-stigma-and-poverty-in-somalia/,Albinos living with stigma and poverty in Somalia,,31/05/2023,"They say you are such a sick person and you can’t work, so I just walk away because they refuse to give me an opportunity,",['Somalia'],[],False
676,https://www.bbc.com/news/world-africa-66221755,Somalis with albinism: Pelted with stones and raw eggs,Naima Said Salah,4 September 2023,"""We were continuously insulted and tortured by our community. We were beaten up and mocked for the pale colour of our skin, hair and eyes,"" he says.",['Mali'],[],False
677,https://www.bbc.com/news/world-africa-66221755,Somalis with albinism: Pelted with stones and raw eggs,Naima Said Salah,4 September 2023,"He was fired after customers stopped going to eat there, saying they feared he would infect them with albinism even though it is not a contagious disease, rather a genetic condition.",['Mali'],"['right to health', 'right to work']",False
678,https://www.bbc.com/news/world-africa-66221755,Somalis with albinism: Pelted with stones and raw eggs,Naima Said Salah,4 September 2023,"""I took my children out of school because they were being stoned every day,"" says Asha Gele, whose two sons live with albinism.",['Mali'],"['right to health', 'adequate standard of living']",False
679,https://www.bbc.com/news/world-africa-66221755,Somalis with albinism: Pelted with stones and raw eggs,Naima Said Salah,4 September 2023,"""Their delicate skin was badly damaged by the stones people threw at them, so now I keep them inside all day, every day,"" she says.",['Mali'],['right to health'],False
680,https://radioergo.org/en/2024/01/albino-children-in-dadaab-refugee-camp-are-stung-by-insults-and-stones/,Albino children in Dadaab refugee camp are stung by insults and stones,,31/01/2024,"Whenever Sadia Salim Iberwa walks to school in Dadaab’s Dhagahley refugee camp, she faces torrents of insults and sometimes stones hurled by her schoolmates, who single her out because of the colouring of her skin, hair and eyes.",['Kenya'],[],False
681,https://radioergo.org/en/2024/01/albino-children-in-dadaab-refugee-camp-are-stung-by-insults-and-stones/,Albino children in Dadaab refugee camp are stung by insults and stones,,31/01/2024,"Another mother, Muhubo Abdiaziz Abdow, said children throw stones at her albino daughter Suldano Omar Abdikadir, aged two, when she is not at home to protect her.",['Kenya'],['right to life'],False
682,https://radioergo.org/en/2019/06/albinos-face-attacks-and-rejection-in-somali-refugee-camps-in-dadaab/,Albinos face attacks and rejection in Somali refugee camps in Dadaab,,18/06/2019,"After I left school for break, a man shouting ‘kill the white man’ chased me. I ran very fast and luckily was saved by some good Samaritans,” he said.",['Kenya'],['right to life'],False
683,https://radioergo.org/en/2019/06/albinos-face-attacks-and-rejection-in-somali-refugee-camps-in-dadaab/,Albinos face attacks and rejection in Somali refugee camps in Dadaab,,18/06/2019,I remember when a classmate lit a match and threw it in my pocket.,['Kenya'],[],False
684,https://radioergo.org/en/2019/06/albinos-face-attacks-and-rejection-in-somali-refugee-camps-in-dadaab/,Albinos face attacks and rejection in Somali refugee camps in Dadaab,,18/06/2019,"In January, while I was walking in the town, children started belting stones at me and I sustained injuries,” he said.",['Kenya'],['right to health'],False
685,https://radioergo.org/en/2019/06/albinos-face-attacks-and-rejection-in-somali-refugee-camps-in-dadaab/,Albinos face attacks and rejection in Somali refugee camps in Dadaab,,18/06/2019,"When I send her to fetch water from the tap outside there, people tell her to keep away and not infect them with the ‘disease’.",['Kenya'],['right to health'],False
689,http://www.scielo.org.za/scielo.php?pid=S1682-58532022000100002&script=sci_arttext,Living with albinism in South Africa: uncovering the health challenges from a legal perspective,MM Mswela,2022,"In schools and in the wider community, children with albinism are also subjected to violence and ridicule.",['South Africa'],[],False
690,http://www.scielo.org.za/scielo.php?pid=S1682-58532022000100002&script=sci_arttext,Living with albinism in South Africa: uncovering the health challenges from a legal perspective,MM Mswela,2022,"In certain areas on the African continent, including South Africa, PWA are killed for the trade in body parts for use as sacramental medicines, or sexually assaulted as a result of the belief that raping them may offer a cure for HIV/AIDS.",['South Africa'],"['right to life', 'right to health']",False
691,https://www.gov.za/news/media-advisories/government-activities/deputy-minister-hendrietta-bogopane-zulu-hosts-un,"Deputy Minister Hendrietta Bogopane-Zulu hosts UN Independent Expert on Albinism, 16 Sept",Department of Social Development,15 Sep 2019,"In the African continent, persons with albinism face numerous human rights violations, including abduction, attacks and senseless killings.",[],['right to life'],False
692,https://www.gov.za/news/media-advisories/government-activities/deputy-minister-hendrietta-bogopane-zulu-hosts-un,"Deputy Minister Hendrietta Bogopane-Zulu hosts UN Independent Expert on Albinism, 16 Sept",Department of Social Development,15 Sep 2019,"Between 2000 and 2013, the United Nations received 200 reports of ritual attacks on people with albinism across 15 African countries.",[],"['right to life', 'right to health']",False
693,https://www.gov.za/news/media-advisories/government-activities/deputy-minister-hendrietta-bogopane-zulu-hosts-un,"Deputy Minister Hendrietta Bogopane-Zulu hosts UN Independent Expert on Albinism, 16 Sept",Department of Social Development,15 Sep 2019,"South Africa is one of the countries where such cases were reported, with a notable upsurge on the abduction and killing of persons with albinism between 2017 and 2018.",['South Africa'],['right to life'],False
694,https://joining-forces.org/joining-forces-for-child-protection-in-emergencies/resilience-and-healing-child-friendly-space-means-a-safe-heaven-for-children-living-with-albinism-in-tambura-county/,Resilience and Healing: Child-Friendly Space Means a Safe Heaven for Children Living with Albinism in Tambura County. - Joining Forces,Stephen Angelo Kazi,,"In South Sudan, persons living with albinism suffers the most from all sorts of discrimination because of their skin color... Fellow children mock and bully them, which has hindered most of them from access education and recreation centres. Brown’s friends, for example, always ask him mockery questions like “where are you from?",['South Sudan'],['adequate standard of living'],False
695,https://africaalbinismnetwork.org/wp-content/uploads/2023/11/Access-to-health-by-persons-with-albinism.pdf,Report of the Independent Expert on the enjoyment of human rights by persons with albinism,Independent Expert on the enjoyment of human rights by persons with albinism,20 December 2017,"In sub-Saharan Africa, it has been widely documented that myths and misbeliefs surrounding persons with albinism have led to witchcraft-related harmful practices, involving the use of their body parts obtained through brutal attacks and mutilations.",[],"['right to health', 'right to life']",False
696,https://africaalbinismnetwork.org/wp-content/uploads/2023/11/Access-to-health-by-persons-with-albinism.pdf,Report of the Independent Expert on the enjoyment of human rights by persons with albinism,Independent Expert on the enjoyment of human rights by persons with albinism,20 December 2017,"For instance, in Benin, there are reports that infanticide has been carried out based on the misbelief that children with albinism cause misfortune.",['Benin'],['right to life'],False
697,https://africaalbinismnetwork.org/wp-content/uploads/2023/11/Access-to-health-by-persons-with-albinism.pdf,Report of the Independent Expert on the enjoyment of human rights by persons with albinism,Independent Expert on the enjoyment of human rights by persons with albinism,20 December 2017,"Similarly, in Zimbabwe, it is reported that, “traditionally, children with albinism were associated with witchcraft and bad omens and were killed at birth”.",['Zimbabwe'],"['right to life', 'right to health']",False
698,https://africaalbinismnetwork.org/wp-content/uploads/2023/11/Access-to-health-by-persons-with-albinism.pdf,Report of the Independent Expert on the enjoyment of human rights by persons with albinism,Independent Expert on the enjoyment of human rights by persons with albinism,20 December 2017,Instances of infanticide have also been reported in Swaziland.,['Swaziland'],['right to life'],False
699,https://africaalbinismnetwork.org/wp-content/uploads/2023/11/Access-to-health-by-persons-with-albinism.pdf,Report of the Independent Expert on the enjoyment of human rights by persons with albinism,Independent Expert on the enjoyment of human rights by persons with albinism,20 December 2017,A number of countries in sub-Saharan Africa continue to be affected by the ritual defilement and rape of girls and women with albinism because of the belief that their body parts have magic or medicinal qualities.,[],[],False
711,https://www.ohchr.org/en/press-releases/2025/02/un-expert-welcomes-african-court-ruling-against-tanzania-failing-protect,UN expert welcomes African Court ruling against Tanzania for failing to protect persons with albinism,,07 February 2025,"the African Court on Human and Peoples’ Rights holding the United Republic of Tanzania liable for failures to protect persons with albinism against violent attacks, torture and degrading treatment, discrimination, trafficking and abduction of children of persons with albinism.",['Tanzania'],['right to life'],False
712,https://www.ohchr.org/en/press-releases/2025/02/un-expert-welcomes-african-court-ruling-against-tanzania-failing-protect,UN expert welcomes African Court ruling against Tanzania for failing to protect persons with albinism,,07 February 2025,"In a decision, the African Court found that Tanzania violated the right to life protected under Article 4 of the African Charter, prohibition against torture, degrading and inhumane treatment, prohibition of sale, trafficking and abduction of children, and the right to non-discrimination under relevant international human rights instruments.",['Tanzania'],['right to life'],False
713,https://www.ohchr.org/en/press-releases/2025/02/un-expert-welcomes-african-court-ruling-against-tanzania-failing-protect,UN expert welcomes African Court ruling against Tanzania for failing to protect persons with albinism,,07 February 2025,"The applicants presented evidence relating to the killings and mutilations of persons with albinism in several districts in Tanzania, the lack of access to justice for victims of these attacks, as well as persistent discrimination and social stigma against persons with albinism.",['Tanzania'],"['right to life', 'access to justice']",False
714,https://www.institut-fuer-menschenrechte.de/fileadmin/Redaktion/PDF/DB_ius/CRPD_18082017_X_v_Tansania_ENG.pdf,Communication No. 22/2014,Committee on the Rights of Persons with Disabilities,31 August 2017,He has had his left arm cut off by two strangers at the age of 41 due to his condition of albinism.,[],"['right to health', 'adequate standard of living']",False
715,https://www.institut-fuer-menschenrechte.de/fileadmin/Redaktion/PDF/DB_ius/CRPD_18082017_X_v_Tansania_ENG.pdf,Communication No. 22/2014,Committee on the Rights of Persons with Disabilities,31 August 2017,"The Committee also considers that the suffering experienced by the author owing to the lack of action by the State party that would allow the effective prosecution of the suspected authors of the crime, becomes a cause of re victimization, and amounts to psychological torture and/or ill-treatment.",['Tanzania'],['access to justice'],False
716,https://www.institut-fuer-menschenrechte.de/fileadmin/Redaktion/PDF/DB_ius/CRPD_18082017_X_v_Tansania_ENG.pdf,Communication No. 22/2014,Committee on the Rights of Persons with Disabilities,31 August 2017,"Consequently, the Committee considers that the failure by the State party to take all necessary measures to prevent acts of violence similar to those suffered by the author, and to efficiently investigate and punish these acts in the author’s case amount to a violation of the author’s rights under article 17, read in conjunction with article 4 of the Convention.",['Tanzania'],[],False
717,https://africaalbinismnetwork.org/wp-content/uploads/2025/03/Joint-Alternative-Report-on-the-Human-Rights-Situation-of-Children-with-Albinism-in-Tanzania.pdf,Joint Alternative Report on the Human Rights Situation of Children with Albinism in Tanzania Submitted to the Committee on the Rights of the Child (CRC Committee),Africa Albinism Network (AAN) and Tanzania Albinism Society (TAS),21st March 2025,"On May 30, a two-and-a-half-year-old girl was abducted in Kagera Region after her mother was strangled by two assailants. The child’s mutilated body was found 18 days later in a water-filled culvert, missing its hands, tongue, and eyes.",['Tanzania'],['right to life'],False
718,https://africaalbinismnetwork.org/wp-content/uploads/2025/03/Joint-Alternative-Report-on-the-Human-Rights-Situation-of-Children-with-Albinism-in-Tanzania.pdf,Joint Alternative Report on the Human Rights Situation of Children with Albinism in Tanzania Submitted to the Committee on the Rights of the Child (CRC Committee),Africa Albinism Network (AAN) and Tanzania Albinism Society (TAS),21st March 2025,"Earlier, on May 4, a 10-year-old boy with albinism was attacked with machetes while fetching water in Geita Region, sustaining severe injuries to his face and arm.",['Tanzania'],['right to life'],False
719,https://www.hrw.org/sites/default/files/supporting_resources/201902drd_tanzania_albinism_brochure.pdf,“IT FELT LIKE A PUNISHMENT” Growing Up with Albinism in Tanzania,Human Rights Watch,February 2019,"Augustin, a 14-year-old teenager from Shinyanga who was attacked by criminals who cut his left forearms and fingers on his right hand when he was four-year-old, said the district education officer took him to the shelter when he was seven or eight.",['Tanzania'],[],False
720,https://www.hrw.org/sites/default/files/supporting_resources/201902drd_tanzania_albinism_brochure.pdf,“IT FELT LIKE A PUNISHMENT” Growing Up with Albinism in Tanzania,Human Rights Watch,February 2019,"The last reported killing, in February 2015, took place in the region of Geita, in Northwest Tanzania, when men abducted a one-year-old baby with albinism from his mother and “hacked [him] to death.”",['Tanzania'],['right to life'],False
721,https://www.hrw.org/sites/default/files/supporting_resources/201902drd_tanzania_albinism_brochure.pdf,“IT FELT LIKE A PUNISHMENT” Growing Up with Albinism in Tanzania,Human Rights Watch,February 2019,"Laura, a 15-year-old student at a public secondary school, told Human Rights Watch that despite efforts to train teachers on the needs of children with albinism, the school still put the health of children with albinism at risk: “This school is not good. They force us to do activities in the sun. Teachers can also punish you if you say you can’t do activities in the sun. They caned me three times and it was very painful.”",['Tanzania'],"['right to health', 'adequate standard of living']",False
722,https://www.hrw.org/sites/default/files/supporting_resources/201902drd_tanzania_albinism_brochure.pdf,“IT FELT LIKE A PUNISHMENT” Growing Up with Albinism in Tanzania,Human Rights Watch,February 2019,"But Juma’s grandfather did not send him to a shelter. Instead, he forced him to work in the field, taking care of his cattle. “I was told to stop school because they were worried, but then in the farm there was no security. It felt unjust because my brothers and sisters went to school, but I had to work,” Juma told Human Rights Watch.",['Tanzania'],['adequate standard of living'],False
723,https://www.thecitizen.co.tz/tanzania/news/court-news/tanzania-ordered-to-revise-witchcraft-laws-to-protect-people-with-albinism-4913926,Tanzania ordered to revise witchcraft laws to protect people with albinism,Bertha Ismail,5/02/2025,"The case, brought before the court by the Centre for Human Rights, the Institute for Human Rights and Development in Africa, and the Legal and Human Rights Centre, highlighted severe violations of the rights of persons with albinism (PWAs), including persecution, killings, and mutilations.",['Tanzania'],['right to life'],False
724,https://africaalbinismnetwork.org/wp-content/uploads/2023/08/Alternative-Report-to-the-94-Pre-Session-of-the-Committee-on-the-Rights-of-the-Child-on-the-situation-of-children-with-albinism-in-Togo.pdf,A Joint Submission to the 94th Session of the Committee on the Rights of the Child on the situation of children with albinism in Togo,Africa Albinism Network and Association Nationale des Personnes Atteintes d’Albinisme au Togo (ANAT),4th August 2023,"On the night of September 23, 2017, four individuals broke into the home of a farmer while two others stood guard. They abducted a 2-year-old child with albinism and all six of them fled the scene. Despite the spontaneous mobilization of the neighbours, who were alerted by the distressed cries of the child's parents, they were unable to apprehend the perpetrators during the pursuit. The assailants, in an attempt to confuse any leads that could lead back to them, took several detours and eventually arrived at a field located south of the city of Dapaong. There, they buried the lifeless body of the child after fatally assaulting him.",['Togo'],['right to life'],False
725,https://atop.tg/albinisme-au-togo-entre-stigmatisation-et-quete-de-reconnaissance/,Albinisme au Togo : entre stigmatisation et quête de reconnaissance,Elisée Rassan,5 août 2025,"Ces personnes, souvent qualifiées à tort de “mystiques” ou porteuses de malédictions, sont les cibles de violences symboliques et physiques.",['Togo'],[],True
726,https://atop.tg/albinisme-au-togo-entre-stigmatisation-et-quete-de-reconnaissance/,Albinisme au Togo : entre stigmatisation et quête de reconnaissance,Elisée Rassan,5 août 2025,de nombreux enfants albinos rejetés dès la naissance ou marginalisés dans leurs propres familles.,['Togo'],[],False
727,https://atop.tg/albinisme-au-togo-entre-stigmatisation-et-quete-de-reconnaissance/,Albinisme au Togo : entre stigmatisation et quête de reconnaissance,Elisée Rassan,5 août 2025,"l’abandon récurrent des enfants albinos par leurs pères, les difficultés d’intégration scolaire et les stéréotypes persistants dans les lieux publics.",['Togo'],[],False
728,https://atop.tg/albinisme-au-togo-entre-stigmatisation-et-quete-de-reconnaissance/,Albinisme au Togo : entre stigmatisation et quête de reconnaissance,Elisée Rassan,5 août 2025,"Les enseignants méconnaissent les besoins visuels spécifiques des PAA. Ils les placent souvent au fond de la classe, sans aménagement",['Togo'],[],False
729,https://atop.tg/albinisme-au-togo-entre-stigmatisation-et-quete-de-reconnaissance/,Albinisme au Togo : entre stigmatisation et quête de reconnaissance,Elisée Rassan,5 août 2025,"l’exclusion des femmes albinos dans le cadre conjugal, notamment lorsqu’elles développent des problèmes dermatologiques.",['Togo'],['right to health'],False
733,https://journals.plos.org/plosone/article?id=10.1371%2Fjournal.pone.0205774,Beliefs about people with albinism in Uganda: A qualitative study using the Common-Sense Model,"Bradbury-Jones C, Ogik P, Betts J, Taylor J, Lund P","October 12, 2018",During my primary [school] we had a teacher who used to chase me out of class whenever she entered saying ‘you’re not supposed to be here’.,['Uganda'],['right to education'],False
734,https://journals.plos.org/plosone/article?id=10.1371%2Fjournal.pone.0205774,Beliefs about people with albinism in Uganda: A qualitative study using the Common-Sense Model,"Bradbury-Jones C, Ogik P, Betts J, Taylor J, Lund P","October 12, 2018","When I was looking for a job… one employer frankly said, ‘Why have they brought me that one? Will she manage to work with us?’… When I got a job, they never wanted to pay me, while some wanted to first sleep with me to pay me.",['Uganda'],[],False
735,https://journals.plos.org/plosone/article?id=10.1371%2Fjournal.pone.0205774,Beliefs about people with albinism in Uganda: A qualitative study using the Common-Sense Model,"Bradbury-Jones C, Ogik P, Betts J, Taylor J, Lund P","October 12, 2018","Each time I went to them, they ran away. They would run to their mothers. But being that I wanted to play with them, I chased them up to their parents. Their parents would chase me saying I could spread albinism to their children.",['Uganda'],['right to health'],False
736,https://journals.plos.org/plosone/article?id=10.1371%2Fjournal.pone.0205774,Beliefs about people with albinism in Uganda: A qualitative study using the Common-Sense Model,"Bradbury-Jones C, Ogik P, Betts J, Taylor J, Lund P","October 12, 2018","Now when I would drink water in a cup my fellow pupils wouldn’t use the same cup again, if I eat food they would restrict them from using the same plate.",['Uganda'],[],False
737,https://journals.plos.org/plosone/article?id=10.1371%2Fjournal.pone.0205774,Beliefs about people with albinism in Uganda: A qualitative study using the Common-Sense Model,"Bradbury-Jones C, Ogik P, Betts J, Taylor J, Lund P","October 12, 2018","Ever since I graduated, I have never got a job. Everywhere you go, people discriminate you. You go somewhere to request for the job and someone underestimates you thinking you can’t do anything… most of the people still discriminate us. Some don’t want to buy what we sell, just because an albino has touched the cloths.",['Uganda'],['adequate standard of living'],False
738,https://journals.plos.org/plosone/article?id=10.1371%2Fjournal.pone.0205774,Beliefs about people with albinism in Uganda: A qualitative study using the Common-Sense Model,"Bradbury-Jones C, Ogik P, Betts J, Taylor J, Lund P","October 12, 2018",I learnt from a family of five children that they were having sleepless nights because bad people wanted to steal these children and sacrifice them and get body parts…,['Uganda'],['right to life'],False
739,https://www.newvision.co.ug/category/family/govt-urged-to-do-more-to-protect-persons-with-NV_234652_062026,Govt urged to do more to protect persons with albinism,Francis Emorut,"May 29, 2026","In early March this year, Sylvia Nakiyemba, a 50-year-old woman with albinism from Nakatogo village in Kyotera district, survived an attack.",['Uganda'],['right to life'],False
740,https://www.newvision.co.ug/category/family/govt-urged-to-do-more-to-protect-persons-with-NV_234652_062026,Govt urged to do more to protect persons with albinism,Francis Emorut,"May 29, 2026","But her sister, Margaret Nakabubi, also with albinism, was not as lucky. She was murdered in 2023. Her body was discovered with her arm, breast, and private parts removed, and her body burnt.",['Uganda'],['right to life'],False
741,https://www.newvision.co.ug/category/family/govt-urged-to-do-more-to-protect-persons-with-NV_234652_062026,Govt urged to do more to protect persons with albinism,Francis Emorut,"May 29, 2026","In Malawi's capital Lilongwe, Chipiliro Laston, a 36-year-old man with albinism, was found murdered in early 2026 in what authorities believe was an attack for his body parts to be used in illegal trade.",['Malawi'],['right to life'],False
742,https://www.ugnewsline.com/nudipu-albinism-umbrella-demand-urgent-action-over-police-negligence-in-kyotera-albinism-attack-case/,"NUDIPU, Albinism Umbrella Demand Urgent Action Over Police Negligence in Kyotera Albinism Attack Case",Wasswa Deo,"May 29, 2026","The National Union of Disabled Persons of Uganda (NUDIPU) and Albinism Umbrella are demanding immediate intervention from government and security agencies following an alleged attempted ritual attack against Sylvia Nakiyemba, a 50-year-old woman with albinism from Nakatogo Village in Kyotera District.",['Uganda'],['right to life'],False
743,https://www.ugnewsline.com/nudipu-albinism-umbrella-demand-urgent-action-over-police-negligence-in-kyotera-albinism-attack-case/,"NUDIPU, Albinism Umbrella Demand Urgent Action Over Police Negligence in Kyotera Albinism Attack Case",Wasswa Deo,"May 29, 2026","According to Namutebi, Nakabubi’s body was discovered mutilated, with her arm, breast, and private parts removed before the body was burned.",['Uganda'],[],False
744,https://www.ugnewsline.com/nudipu-albinism-umbrella-demand-urgent-action-over-police-negligence-in-kyotera-albinism-attack-case/,"NUDIPU, Albinism Umbrella Demand Urgent Action Over Police Negligence in Kyotera Albinism Attack Case",Wasswa Deo,"May 29, 2026","Just days before the Kampala press conference, a 45-year-old man with albinism identified as Chipiliro Laston was reportedly murdered in Lilongwe, Malawi, allegedly by a relative.","['Uganda', 'Malawi']",['right to life'],False
745,https://www.ugnewsline.com/nudipu-albinism-umbrella-demand-urgent-action-over-police-negligence-in-kyotera-albinism-attack-case/,"NUDIPU, Albinism Umbrella Demand Urgent Action Over Police Negligence in Kyotera Albinism Attack Case",Wasswa Deo,"May 29, 2026","the abduction and survival of Abdul in Salaama, Kampala",['Uganda'],['right to life'],True
746,https://www.ugnewsline.com/nudipu-albinism-umbrella-demand-urgent-action-over-police-negligence-in-kyotera-albinism-attack-case/,"NUDIPU, Albinism Umbrella Demand Urgent Action Over Police Negligence in Kyotera Albinism Attack Case",Wasswa Deo,"May 29, 2026",the 2015 murder of Elizabeth Kwagala,['Uganda'],['right to life'],False
747,https://africaalbinismnetwork.org/wp-content/uploads/2026/01/Joint-Shadow-Report-to-the-CESCR-Human-Rights-situation-of-Persons-with-Albinism-in-Zambia.pdf,Joint Shadow Report to the CESCR: Human Rights situation of Persons with Albinism in Zambia,Africa Albinism Network (AAN),01/2026,"The United Nations Special Rapporteur on disabilities reported testimonies that “at least ten persons with albinism are murdered in ritual killings every year in Zambia for their body parts,” causing some families to hide their children out of fear.",['Zambia'],['right to life'],False
748,https://africaalbinismnetwork.org/wp-content/uploads/2026/01/Joint-Shadow-Report-to-the-CESCR-Human-Rights-situation-of-Persons-with-Albinism-in-Zambia.pdf,Joint Shadow Report to the CESCR: Human Rights situation of Persons with Albinism in Zambia,Africa Albinism Network (AAN),01/2026,"In extreme cases, they are targeted for violent attacks: as noted, ritual killings and trafficking of body parts have been documented, and survivors of such attacks rarely see justice.",['Zambia'],"['right to life', 'access to justice']",False
749,https://africaalbinismnetwork.org/wp-content/uploads/2026/01/Joint-Shadow-Report-to-the-CESCR-Human-Rights-situation-of-Persons-with-Albinism-in-Zambia.pdf,Joint Shadow Report to the CESCR: Human Rights situation of Persons with Albinism in Zambia,Africa Albinism Network (AAN),01/2026,“Women with albinism faced gender-based violence and hate crimes in the form of rape” in Zambia.,['Zambia'],[],False
750,https://africaalbinismnetwork.org/wp-content/uploads/2026/01/Joint-Shadow-Report-to-the-CESCR-Human-Rights-situation-of-Persons-with-Albinism-in-Zambia.pdf,Joint Shadow Report to the CESCR: Human Rights situation of Persons with Albinism in Zambia,Africa Albinism Network (AAN),01/2026,"The 2024 Albinism and Rights in Zambia report noted cases of women with albinism being targeted by men who feign romantic interest to gain trust, only to later harm or even kill them for their body parts.",['Zambia'],['right to life'],False
751,https://africaalbinismnetwork.org/wp-content/uploads/2024/02/Report-on-the-situation-of-persons-with-albinism-in-Zambia-to-the-CRPD-12.02.2024.pdf,Shadow Report to the Committee on the Rights of Persons with Disabilities for the Review of Zambia Report on the situation of persons with albinism in Zambia,Africa Albinism Network (AAN) and the Albinism Multipurpose Organisation,12/02/2024,"Disturbing incidents, such as the brutal chopping off the arms of a pregnant lady with albinism, highlight the extreme violence and danger they face.",['Zambia'],['right to life'],False
752,https://africaalbinismnetwork.org/wp-content/uploads/2024/02/Report-on-the-situation-of-persons-with-albinism-in-Zambia-to-the-CRPD-12.02.2024.pdf,Shadow Report to the Committee on the Rights of Persons with Disabilities for the Review of Zambia Report on the situation of persons with albinism in Zambia,Africa Albinism Network (AAN) and the Albinism Multipurpose Organisation,12/02/2024,"For instance, on March 12, 2015, the Times of Zambia reported that an infant with albinism was abandoned for 2 weeks by both parents in Lusaka Kalundu Township, Zambia.",['Zambia'],"['right to life', 'right to health']",True
753,https://africaalbinismnetwork.org/wp-content/uploads/2024/02/Report-on-the-situation-of-persons-with-albinism-in-Zambia-to-the-CRPD-12.02.2024.pdf,Shadow Report to the Committee on the Rights of Persons with Disabilities for the Review of Zambia Report on the situation of persons with albinism in Zambia,Africa Albinism Network (AAN) and the Albinism Multipurpose Organisation,12/02/2024,"On June 3, 2023, 4 men (two of whom are the same men who attempted to traffic the 41-year-old man with albinism below) attempted to traffic a 16-year old boy with albinism between 16:00 and 18:00 hours in Mawire compound in Kalomo District of Southern Province.",['Zambia'],"['right to life', 'right to health']",False
754,https://africaalbinismnetwork.org/wp-content/uploads/2024/02/Report-on-the-situation-of-persons-with-albinism-in-Zambia-to-the-CRPD-12.02.2024.pdf,Shadow Report to the Committee on the Rights of Persons with Disabilities for the Review of Zambia Report on the situation of persons with albinism in Zambia,Africa Albinism Network (AAN) and the Albinism Multipurpose Organisation,12/02/2024,"On June 3, 2023, three men attempted to traffic a 41-year-old man from Mwandi District for the price of 500,000 ZMK ($25 USD) at a guest house in Kalomo District (Southern Province).",['Zambia'],['right to life'],True
755,https://africaalbinismnetwork.org/wp-content/uploads/2024/02/Report-on-the-situation-of-persons-with-albinism-in-Zambia-to-the-CRPD-12.02.2024.pdf,Shadow Report to the Committee on the Rights of Persons with Disabilities for the Review of Zambia Report on the situation of persons with albinism in Zambia,Africa Albinism Network (AAN) and the Albinism Multipurpose Organisation,12/02/2024,"On July 18, 2023, at around 9 am, Mr. C. B, aged 47 years old man with albinism, was at Mr. T. P’s house (his brother-in-law) in the village of Nkungulu in the District of Katete (Eastern Province). Later on, Mr. K. P. B. came by the house to pick up Mr. C. B. to give him some sweet potatoes that he had promised him. That was the last time he was seen. On July 22, 2023, the Katete Police Station received information that someone was in possession of the human body parts of a person with albinism and that the seller was in a town called Chadiza at the Chanida border in the Eastern Province. A follow up was made by a combined team of Police Officers from Katete and Chadiza whereby one of the police officers posed as an interested buyer. Mr. K. P. B, aged 20 years old, from the village of Chongololo in the District of Katete was approached by the buyers and from his bag, he produced what was suspected to be human hair. He later took the “buyer” to where the body was located along the Musadwe stream near Nkungulu village in the District of Katete. The body was later retrieved by a team of police officers and upon physical inspection, the deceased’s neck was bruised and swollen and part of the head was shaved.","['Tanzania', 'Zambia']",['right to life'],True
756,https://africaalbinismnetwork.org/wp-content/uploads/2024/02/Report-on-the-situation-of-persons-with-albinism-in-Zambia-to-the-CRPD-12.02.2024.pdf,Shadow Report to the Committee on the Rights of Persons with Disabilities for the Review of Zambia Report on the situation of persons with albinism in Zambia,Africa Albinism Network (AAN) and the Albinism Multipurpose Organisation,12/02/2024,"On June 25th, 2022 between 9 am and 10 am in the Chilomo area, three men, one which was identified by Police Spokesperson Rae Hamoonga as Kendrick of Mkushi and two other unknown perpetrators cut the forefinger of the young survivor's left hand using a sharp instrument.",['Zambia'],['right to health'],False
757,https://africaalbinismnetwork.org/wp-content/uploads/2024/02/Report-on-the-situation-of-persons-with-albinism-in-Zambia-to-the-CRPD-12.02.2024.pdf,Shadow Report to the Committee on the Rights of Persons with Disabilities for the Review of Zambia Report on the situation of persons with albinism in Zambia,Africa Albinism Network (AAN) and the Albinism Multipurpose Organisation,12/02/2024,"On 30 th April 2022, a boy with albinism called B.C went to a marketplace called Njomwana in Central Province at around 16 pm on Saturday April 30, 2022. He was accompanied by his older sister who also has albinism. While at the market, he was called over by a man who started to interrogate him on his whereabouts i.e., where he lives, with whom etc. The stranger told his friend “I am asking these questions because he is money”",['Zambia'],['adequate standard of living'],True
758,https://africaalbinismnetwork.org/wp-content/uploads/2024/02/Report-on-the-situation-of-persons-with-albinism-in-Zambia-to-the-CRPD-12.02.2024.pdf,Shadow Report to the Committee on the Rights of Persons with Disabilities for the Review of Zambia Report on the situation of persons with albinism in Zambia,Africa Albinism Network (AAN) and the Albinism Multipurpose Organisation,12/02/2024,"On March 25, 2020, the mutilated body of an unidentified male with albinism was recovered in a maize field at Yamene farms along the Chipata/Lundazi Road, in the Eastern Province of Zambia. It is believed that the victim was murdered for ritual purposes as he was discovered with missing eyes, tongue and both arms. On April 28, 2020, UTSS received additional information that the ZAF had facilitated a burial of an unidentified and unclaimed man who was a victim of a gruesome attack. Later on, ZAF found the family of the deceased who was identified as a 43-year-old man (E.P).","['Liberia', 'Zambia']",['right to life'],False
759,https://africaalbinismnetwork.org/wp-content/uploads/2024/02/Report-on-the-situation-of-persons-with-albinism-in-Zambia-to-the-CRPD-12.02.2024.pdf,Shadow Report to the Committee on the Rights of Persons with Disabilities for the Review of Zambia Report on the situation of persons with albinism in Zambia,Africa Albinism Network (AAN) and the Albinism Multipurpose Organisation,12/02/2024,"On November 6, 2019, a 7-year-old girl with albinism by the name of D.M. survived a brutal machete attack at her family home near the village of Mutupa, Kitwe District of the Copperbelt Province in Zambia. It is reported that three Unknown assailants broke into the young girl’s bedroom, dragged her to a nearby bush and chopped off her left arm above the elbow and pulled out her hair as her mother, who ran to her rescue, watched helplessly.",['Zambia'],"['right to life', 'right to health']",False
760,https://africaalbinismnetwork.org/wp-content/uploads/2024/02/Report-on-the-situation-of-persons-with-albinism-in-Zambia-to-the-CRPD-12.02.2024.pdf,Shadow Report to the Committee on the Rights of Persons with Disabilities for the Review of Zambia Report on the situation of persons with albinism in Zambia,Africa Albinism Network (AAN) and the Albinism Multipurpose Organisation,12/02/2024,"An example is the incident that took place in March of 2017, a 16-year-old boy with albinism named G narrowly escaped abduction and possible death near his home in Matero, Lusaka, Zambia.",['Zambia'],['right to life'],True
761,https://africaalbinismnetwork.org/wp-content/uploads/2024/02/Report-on-the-situation-of-persons-with-albinism-in-Zambia-to-the-CRPD-12.02.2024.pdf,Shadow Report to the Committee on the Rights of Persons with Disabilities for the Review of Zambia Report on the situation of persons with albinism in Zambia,Africa Albinism Network (AAN) and the Albinism Multipurpose Organisation,12/02/2024,"This issue is exemplified by a disheartening incident involving a qualified man with albinism who faced discrimination during a job interview at a hospital. Despite possessing the necessary qualifications for the position, he was denied employment on the basis of his albinism.",['Zambia'],['right to work'],False
762,https://matebelelandpulse.co.zw/2025/02/19/zimbabwes-70-000-people-with-albinism-face-discrimination-health-risks/,"Zimbabwe's 70 000 people with albinism face discrimination, health risks - Matebeleland Pulse",Duduzile Nyathi,,"“People often think we are cursed or bring bad luck, which is far from the truth,” reveals Thabani, a Bulawayo resident with albinism, shedding light on the pervasive stigma that shadows their lives.",['Zimbabwe'],['adequate standard of living'],False
763,https://matebelelandpulse.co.zw/2025/02/19/zimbabwes-70-000-people-with-albinism-face-discrimination-health-risks/,"Zimbabwe's 70 000 people with albinism face discrimination, health risks - Matebeleland Pulse",Duduzile Nyathi,,"Anele, a woman with albonism from Victoria Falls, explains, “Accessing sunscreens or even basic eye care is a luxury here,” pointing out the dire need for resources in a country where the sun’s intensity can be lethal.",['Zimbabwe'],['adequate standard of living'],True
769,https://www.lawpluralism.unimib.it/en/giurisprudenza-in-evidenza/centre-for-human-rights-chr-institute-for-human-rights-and-development-in-africa-ihrda-legal-and-human-rights-centre-lhrc-v-united-republic-of-tanzania-no-019-2018-afchpr-5-february-2025,"Centre for Human Rights (CHR), Institute for human Rights and Development in Africa (IHRDA) & Legal and Human rights Centre (LHRC) v. United Republic of Tanzania, No. 019/2018, AfCHPR, 5 February 2025",Bernardo Mageste Castelar Campos,5 February 2025,"The Court found that the State had violated its obligation of non-discrimination, having failed to adopt adequate measures to combat the myths and stereotypes associated with albinism.",['Tanzania'],[],False
770,https://www.lawpluralism.unimib.it/en/giurisprudenza-in-evidenza/centre-for-human-rights-chr-institute-for-human-rights-and-development-in-africa-ihrda-legal-and-human-rights-centre-lhrc-v-united-republic-of-tanzania-no-019-2018-afchpr-5-february-2025,"Centre for Human Rights (CHR), Institute for human Rights and Development in Africa (IHRDA) & Legal and Human rights Centre (LHRC) v. United Republic of Tanzania, No. 019/2018, AfCHPR, 5 February 2025",Bernardo Mageste Castelar Campos,5 February 2025,"These included the right to life (Article 4 of the ACHPR and Article 6 of the International Covenant on Civil and Political Rights), for failing to prevent, investigate, and punish the killings of persons with albinism;",['Tanzania'],['right to life'],False
771,https://www.lawpluralism.unimib.it/en/giurisprudenza-in-evidenza/centre-for-human-rights-chr-institute-for-human-rights-and-development-in-africa-ihrda-legal-and-human-rights-centre-lhrc-v-united-republic-of-tanzania-no-019-2018-afchpr-5-february-2025,"Centre for Human Rights (CHR), Institute for human Rights and Development in Africa (IHRDA) & Legal and Human rights Centre (LHRC) v. United Republic of Tanzania, No. 019/2018, AfCHPR, 5 February 2025",Bernardo Mageste Castelar Campos,5 February 2025,"and the right not to be subjected to torture or to cruel, inhuman, or degrading treatment (Article 5 of the ACHPR and Article 7 of the Covenant), due to the State’s negligence in prosecuting those responsible for such acts.",['Tanzania'],[],False
772,https://www.lawpluralism.unimib.it/en/giurisprudenza-in-evidenza/centre-for-human-rights-chr-institute-for-human-rights-and-development-in-africa-ihrda-legal-and-human-rights-centre-lhrc-v-united-republic-of-tanzania-no-019-2018-afchpr-5-february-2025,"Centre for Human Rights (CHR), Institute for human Rights and Development in Africa (IHRDA) & Legal and Human rights Centre (LHRC) v. United Republic of Tanzania, No. 019/2018, AfCHPR, 5 February 2025",Bernardo Mageste Castelar Campos,5 February 2025,"The Court held that Tanzania had violated Article 29 of the African Charter on the Rights and Welfare of the Child, for failing to prevent the trafficking and sale of children with albinism;",['Tanzania'],[],False
773,https://www.lawpluralism.unimib.it/en/giurisprudenza-in-evidenza/centre-for-human-rights-chr-institute-for-human-rights-and-development-in-africa-ihrda-legal-and-human-rights-centre-lhrc-v-united-republic-of-tanzania-no-019-2018-afchpr-5-february-2025,"Centre for Human Rights (CHR), Institute for human Rights and Development in Africa (IHRDA) & Legal and Human rights Centre (LHRC) v. United Republic of Tanzania, No. 019/2018, AfCHPR, 5 February 2025",Bernardo Mageste Castelar Campos,5 February 2025,"Article 4, for not considering the best interests of the child in managing temporary shelters established in response to violence against children with albinism;",['Tanzania'],[],False
774,https://www.lawpluralism.unimib.it/en/giurisprudenza-in-evidenza/centre-for-human-rights-chr-institute-for-human-rights-and-development-in-africa-ihrda-legal-and-human-rights-centre-lhrc-v-united-republic-of-tanzania-no-019-2018-afchpr-5-february-2025,"Centre for Human Rights (CHR), Institute for human Rights and Development in Africa (IHRDA) & Legal and Human rights Centre (LHRC) v. United Republic of Tanzania, No. 019/2018, AfCHPR, 5 February 2025",Bernardo Mageste Castelar Campos,5 February 2025,"as well as Articles 11 of the same Charter and 17(1) of the ACHPR, for failing to guarantee education that was available, accessible, and adapted to the specific needs of children with albinism.",['Tanzania'],['right to education'],False
775,https://www.lawpluralism.unimib.it/en/giurisprudenza-in-evidenza/centre-for-human-rights-chr-institute-for-human-rights-and-development-in-africa-ihrda-legal-and-human-rights-centre-lhrc-v-united-republic-of-tanzania-no-019-2018-afchpr-5-february-2025,"Centre for Human Rights (CHR), Institute for human Rights and Development in Africa (IHRDA) & Legal and Human rights Centre (LHRC) v. United Republic of Tanzania, No. 019/2018, AfCHPR, 5 February 2025",Bernardo Mageste Castelar Campos,5 February 2025,"Finally, the Court found a violation of the right to health (Article 16 of the ACHPR and Article 24 of the African Charter on the Rights and Welfare of the Child), as the State had not ensured an adequate standard of healthcare corresponding to the physical and psychological needs of persons with albinism.",['Tanzania'],['right to health'],False
776,https://ihrp.law.utoronto.ca/un-advocacy-cocktail-parties-advocating-rights-persons-albinism,From UN Advocacy to Cocktail Parties: Advocating for the rights of persons with albinism,India Annamanthadoo (3L),,"In some countries, persons with albinism, including children, are mutilated or killed due to witchcraft-related myths that their body parts have magical powers, and bring about wealth for the beholder.",[],['right to life'],False
777,https://ihrp.law.utoronto.ca/un-advocacy-cocktail-parties-advocating-rights-persons-albinism,From UN Advocacy to Cocktail Parties: Advocating for the rights of persons with albinism,India Annamanthadoo (3L),,"For instance, in Africa and some South American countries, persons with albinism are discriminated against because of their skin colour; often, they are viewed as foreigners in their own country and socially excluded by their community.",[],['adequate standard of living'],False
778,https://africaalbinismnetwork.org/wp-content/uploads/2024/04/Statement-of-the-Africa-Albinism-Network-on-the-rights-and-welfare-of-children-with-albinism-in-Africa-at-the-43rd-Ordinary-Session-of-the-ACERWC.pdf,"Statement of the Africa Albinism Network on the rights and welfare of children with albinism in Africa at the 43rd Ordinary Session of the African Committee of Experts on the Rights and Welfare of the Child (ACERWC). Maseru, Lesotho",Kwame Andrews Daklo,15th April 2024,"For instance, on January 31st 2024, a child with albinism’s body was found in a wooded area of Morrumbala in Mozambique with the eyes, heart, arms, and legs removed.",['Mozambique'],"['right to life', 'right to health']",False
779,https://www.ohchr.org/sites/default/files/2025-02/a-79-175-annex.pdf,Children with Albinism and Care: Identifying family and community-based care solutions for children with albinism,"Martin Punaks, Charlotte Baker, Muluka-Anne Miti-Drummond",September 2024,One day the girl was attacked at her home by two men who abducted her.,[],['right to life'],False
780,https://africabrief.substack.com/p/new-action-plan-offers-hope-for-people,"New Action Plan Offers Hope for People With Albinism, But Advocates Demand Action",Steria Manda,"Jul 23, 2026","The need for urgent action, he said, has been underscored by the recent killing of Laston Chipiliro, a man with albinism who was reportedly murdered in Lilongwe.",['Malawi'],['right to life'],True
781,https://www.world-today-news.com/malawis-new-action-plan-aims-to-end-economic-exclusion-for-people-with-albinism/,Malawi’s New Action Plan Aims to End Economic Exclusion for People with Albinism,Lucas Fernandez,24/06/2026,"The plan, developed with input from Human Rights Watch and local advocacy groups, aims to tackle systemic barriers like hiring discrimination, limited access to capital, and exclusion from social security programs—problems that have left many, like Lilongwe’s Maureen Kamatu, struggling to sustain livelihoods despite legal protections.",['Malawi'],[],False
782,https://www.nyasatimes.com/persons-with-albinism-plead-for-skills-training-startup-loans/,"Persons with albinism plead for skills training, startup loans - Malawi News | Breaking News, Politics, Business & Sports | Nyasa Times",Watipaso Mzungu,28/11/2022,"As you might be aware, most of us are economically disempowered, a situation that forces us into picking menial piecework that exposes us to life-threatening conditions such as working under direct sunlight,” said Ndau.",['Malawi'],['adequate standard of living'],False
783,https://www.nyasatimes.com/persons-with-albinism-plead-for-skills-training-startup-loans/,"Persons with albinism plead for skills training, startup loans - Malawi News | Breaking News, Politics, Business & Sports | Nyasa Times",Watipaso Mzungu,28/11/2022,"Speaking in separate interview, Maguba – who is singlehandedly raising three children in Saiti Kadzuwa Village in T/A Mponda in Mangochi – said without any reliable source of income, her life is difficult and they sometimes spend days without eating at all.",['Malawi'],['adequate standard of living'],True
784,https://africaalbinismnetwork.org/wp-content/uploads/2023/11/Joint-submission-in-Response-to-the-Call-for-Inputs-Persons-with-Albinism-and-the-Right-to-Education.pdf,Submission in response to the call for inputs: Persons with Albinism and the rights to education,Africa Albinism Network,11/2023,"I was once asked “you barely see, why are you going to school”",[],[],False
785,https://africaalbinismnetwork.org/wp-content/uploads/2023/11/Joint-submission-in-Response-to-the-Call-for-Inputs-Persons-with-Albinism-and-the-Right-to-Education.pdf,Submission in response to the call for inputs: Persons with Albinism and the rights to education,Africa Albinism Network,11/2023,"In one instance, a school's rules required all pupils to plait their hair using black hair extensions. The school acknowledged that when the rules were approved, there was no anticipation of having a child with albinism.",[],[],False
786,https://africaalbinismnetwork.org/wp-content/uploads/2023/11/Joint-submission-in-Response-to-the-Call-for-Inputs-Persons-with-Albinism-and-the-Right-to-Education.pdf,Submission in response to the call for inputs: Persons with Albinism and the rights to education,Africa Albinism Network,11/2023,"Students with albinism encounter significant human rights barriers, including physical attacks, as evidenced by cases where a student with albinism was assaulted by a teacher.",[],['right to life'],False
787,https://www.intechopen.com/online-first/1236046,Bullying and Exclusion of Children with Albinism in the School Systems of Sub-Saharan Africa: An Exploratory Study at an Inclusive Model School in Tanzania,"Margit Stein, Stefanie Kleine Bornhorst, Felista Tangi",12 November 2025,"The model school for inclusive education presented here was also severely threatened and attacked in 2024 by men who attempted to rape schoolgirls with albinism, as this is said to bring good luck or because of the superstition that “having sex with a woman with albinism will cure AIDS” [14].",['Tanzania'],[],False
788,https://link.springer.com/article/10.1186/s12914-018-0144-8,Children with albinism in African regions: their rights to ‘being’ and ‘doing’,"Anita Franklin, Patricia Lund, Caroline Bradbury-Jones, Julie Taylor",12 January 2018,"When I was at primary school, people used to laugh at me, tease me - some didn’t even like to touch me, saying that if they touched me they would get this colour.",[],[],False
789,https://link.springer.com/article/10.1186/s12914-018-0144-8,Children with albinism in African regions: their rights to ‘being’ and ‘doing’,"Anita Franklin, Patricia Lund, Caroline Bradbury-Jones, Julie Taylor",12 January 2018,People used to abuse me on the road when I took the buses to school.,[],[],False
790,https://link.springer.com/article/10.1186/s12914-018-0144-8,Children with albinism in African regions: their rights to ‘being’ and ‘doing’,"Anita Franklin, Patricia Lund, Caroline Bradbury-Jones, Julie Taylor",12 January 2018,"They would run after me - crowds of kids following me - shouting ‘zeru, zeru’ (derogatory term for someone with albinism) [34].",[],[],True
791,https://doi.org/10.38140/ijspsy.v3i1.901,Exploring barriers to learning hindering Learners with albinism’ academic achievement at schools in the Masvingo district in Zimbabwe,Margaret Machingambi,2023-08-28,"""My peers in my class do not want to walk with me and/or play with me. They said that they will be embarrassed if they meet their friends walking or playing with me. They also tease me"" (SS- E).",['Zimbabwe'],[],False
792,https://doi.org/10.38140/ijspsy.v3i1.901,Exploring barriers to learning hindering Learners with albinism’ academic achievement at schools in the Masvingo district in Zimbabwe,Margaret Machingambi,2023-08-28,"""My peers without albinism used to say abusive language and name-calling, and nothing was done to protect me from the perpetrators"" (SS-E).",['Zimbabwe'],[],False
793,https://doi.org/10.38140/ijspsy.v3i1.901,Exploring barriers to learning hindering Learners with albinism’ academic achievement at schools in the Masvingo district in Zimbabwe,Margaret Machingambi,2023-08-28,"""My English teacher ignores me if I complain that I cannot read from the chalkboard. She uses small handwriting and is not willing to write large print"" (SS-I)",['Zimbabwe'],['right to education'],False
